,Player,Team,Rank,Pos,Bye,Best,Worst,Avg,Std Dev,ADP
1,Christian McCaffrey,CAR,1,RB1,13.0,1.0,6.0,1.1,0.4,1.0
2,Saquon Barkley,NYG,2,RB2,11.0,1.0,4.0,2.2,0.6,2.0
3,Ezekiel Elliott,DAL,3,RB3,10.0,2.0,14.0,3.1,0.8,3.0
4,Alvin Kamara,NO,4,RB4,6.0,1.0,10.0,4.0,1.3,6.0
6,Dalvin Cook,MIN,5,RB5,7.0,2.0,20.0,6.4,2.5,5.0
7,Michael Thomas,NO,6,WR1,6.0,3.0,27.0,6.7,1.7,4.0
8,Davante Adams,GB,7,WR2,5.0,5.0,30.0,9.6,2.2,8.0
9,Derrick Henry,TEN,8,RB6,7.0,5.0,27.0,10.2,5.7,7.0
10,Clyde Edwards-Helaire,KC,9,RB7,10.0,4.0,60.0,11.0,5.9,21.0
11,Julio Jones,ATL,10,WR3,10.0,7.0,21.0,12.2,2.3,14.0
12,Austin Ekeler,LAC,11,RB8,10.0,4.0,41.0,12.5,6.8,11.0
14,Tyreek Hill,KC,12,WR4,10.0,9.0,40.0,13.5,3.1,12.0
15,Joe Mixon,CIN,13,RB9,9.0,4.0,40.0,14.3,5.7,9.0
16,Miles Sanders,PHI,14,RB10,9.0,5.0,41.0,14.7,6.6,13.0
17,Kenyan Drake,ARI,15,RB11,8.0,4.0,70.0,15.9,9.0,15.0
18,Travis Kelce,KC,16,TE1,10.0,9.0,38.0,17.3,2.8,18.0
19,DeAndre Hopkins,ARI,17,WR5,8.0,9.0,35.0,17.6,5.3,10.0
20,Chris Godwin,TB,18,WR6,13.0,11.0,45.0,18.7,4.7,19.0
21,Josh Jacobs,LV,19,RB12,6.0,4.0,51.0,20.2,7.2,16.0
22,George Kittle,SF,20,TE2,11.0,15.0,38.0,20.4,4.2,22.0
23,Aaron Jones,GB,21,RB13,5.0,8.0,75.0,20.7,7.6,20.0
24,Nick Chubb,CLE,22,RB14,9.0,6.0,47.0,21.6,5.4,17.0
26,Allen Robinson,CHI,23,WR7,11.0,12.0,50.0,23.4,5.5,28.0
27,Kenny Golladay,DET,24,WR8,5.0,12.0,46.0,24.7,6.1,25.0
28,D.J. Moore,CAR,25,WR9,13.0,11.0,53.0,29.1,7.4,30.0
29,Mike Evans,TB,26,WR10,13.0,13.0,55.0,29.8,7.5,26.0
30,JuJu Smith-Schuster,PIT,27,WR11,8.0,12.0,64.0,30.2,7.0,32.0
31,Patrick Mahomes,KC,28,QB1,10.0,19.0,54.0,31.1,7.1,24.0
32,Adam Thielen,MIN,29,WR12,7.0,15.0,58.0,31.4,7.7,36.0
33,Odell Beckh,CLE,30,WR13,9.0,13.0,65.0,33.4,7.0,27.0
34,Robert Woods,LAR,31,WR14,9.0,15.0,67.0,34.1,7.6,46.0
35,Amari Cooper,DAL,32,WR15,10.0,15.0,51.0,34.4,7.1,33.0
36,Lamar Jackson,BAL,33,QB2,8.0,6.0,68.0,34.5,8.7,23.0
38,Cooper Kupp,LAR,34,WR16,9.0,16.0,80.0,36.9,9.0,34.0
39,Todd Gurley,ATL,35,RB15,10.0,9.0,140.0,37.1,13.1,29.0
40,Chris Carson,SEA,36,RB16,6.0,11.0,79.0,37.5,9.9,31.0
41,Calvin Ridley,ATL,37,WR17,10.0,21.0,86.0,37.7,7.5,43.0
42,James Conner,PIT,38,RB17,8.0,9.0,128.0,37.9,11.4,39.0
43,Mark Andrews,BAL,39,TE3,8.0,17.0,75.0,39.5,11.3,47.0
44,A.J. Brown,TEN,40,WR18,7.0,21.0,59.0,41.9,7.1,41.0
45,Zach Ertz,PHI,41,TE4,9.0,26.0,75.0,42.7,8.6,40.0
46,D.J. Chark,JAC,42,WR19,7.0,21.0,64.0,43.6,8.0,50.0
47,Le'Veon Bell,NYJ,43,RB18,11.0,11.0,126.0,44.2,14.7,35.0
48,Melvin Gordon,DEN,44,RB19,8.0,8.0,82.0,44.3,12.2,37.0
49,Terry McLaurin,WAS,45,WR20,8.0,13.0,73.0,45.0,9.1,61.0
50,Keenan Allen,LAC,46,WR21,10.0,21.0,74.0,45.7,8.4,48.0
51,Tyler Lockett,SEA,47,WR22,6.0,28.0,74.0,45.8,7.2,54.0
52,David Johnson,HOU,48,RB20,8.0,19.0,135.0,47.3,13.4,38.0
53,Courtland Sutton,DEN,49,WR23,8.0,30.0,82.0,50.3,8.5,45.0
54,nan n,nan,nan,,,,,,,
55,D.K. Metcalf,SEA,50,WR24,6.0,26.0,101.0,50.6,7.9,52.0
56,Jonathan Taylor,IND,51,RB21,7.0,10.0,147.0,50.7,16.2,42.0
58,DeVante Parker,MIA,52,WR25,11.0,25.0,122.0,54.0,9.3,51.0
59,T.Y. Hilton,IND,53,WR26,7.0,39.0,105.0,56.4,8.8,58.0
60,Stefon Diggs,BUF,54,WR27,11.0,29.0,86.0,58.0,9.1,63.0
61,Dak Prescott,DAL,55,QB3,10.0,19.0,97.0,58.0,9.2,57.0
62,Darren Waller,LV,56,TE5,6.0,26.0,142.0,59.4,16.0,59.0
63,Mark Ingr,BAL,57,RB22,8.0,19.0,143.0,59.7,15.1,55.0
64,Tyler Boyd,CIN,58,WR28,9.0,32.0,108.0,60.4,9.3,69.0
65,Kareem Hunt,CLE,59,RB23,9.0,25.0,119.0,62.8,13.3,64.0
66,Jarvis Landry,CLE,60,WR29,9.0,29.0,99.0,63.1,10.7,70.0
67,Russell Wilson,SEA,61,QB4,6.0,36.0,100.0,64.4,6.6,66.0
68,Michael Gallup,DAL,62,WR30,10.0,43.0,127.0,66.2,12.9,75.0
69,Kyler Murray,ARI,63,QB5,8.0,38.0,118.0,66.4,8.9,60.0
70,Marquise Brown,BAL,64,WR31,8.0,33.0,97.0,66.7,12.3,72.0
71,A.J. Green,CIN,65,WR32,9.0,25.0,141.0,67.1,12.8,68.0
72,Julian Edelman,NE,66,WR33,6.0,28.0,188.0,68.1,15.1,71.0
73,Deshaun Watson,HOU,67,QB6,8.0,38.0,116.0,68.4,10.0,67.0
74,Cam Akers,LAR,68,RB24,9.0,16.0,161.0,70.7,18.6,62.0
75,D'Andre Swift,DET,69,RB25,5.0,8.0,193.0,71.0,16.9,65.0
76,Devin Singletary,BUF,70,RB26,11.0,11.0,156.0,71.8,17.9,49.0
78,Raheem Mostert,SF,71,RB27,11.0,25.0,163.0,74.0,17.8,53.0
79,Marvin Jones,DET,72,WR34,5.0,48.0,119.0,75.6,11.1,86.0
80,Will Fuller,HOU,73,WR35,8.0,49.0,194.0,75.8,16.3,76.0
81,David Montgomery,CHI,74,RB28,11.0,43.0,170.0,75.8,15.7,56.0
82,nan n,nan,nan,,,,,,,
83,Evan Engram,NYG,75,TE6,11.0,26.0,163.0,77.8,21.3,74.0
84,James White,NE,76,RB29,6.0,25.0,208.0,78.3,19.9,73.0
85,Brandin Cooks,HOU,77,WR36,8.0,39.0,203.0,79.4,15.9,81.0
86,Ronald Jon,TB,78,RB30,13.0,31.0,151.0,80.1,18.3,78.0
87,Tarik Cohen,CHI,79,RB31,11.0,47.0,193.0,84.9,20.1,83.0
88,Josh Allen,BUF,80,QB7,11.0,59.0,125.0,86.1,14.5,80.0
89,Jamison Crowder,NYJ,81,WR37,11.0,49.0,222.0,86.3,21.8,98.0
90,Diontae Johnson,PIT,82,WR38,8.0,48.0,194.0,86.4,18.6,103.0
91,Matt Ryan,ATL,83,QB8,10.0,60.0,178.0,87.3,13.8,87.0
92,Christian Kirk,ARI,84,WR39,8.0,48.0,188.0,87.7,21.3,92.0
93,Tyler Higbee,LAR,85,TE7,9.0,26.0,180.0,90.5,27.1,79.0
94,Hunter Henry,LAC,86,TE8,10.0,46.0,146.0,91.2,21.2,77.0
95,Sterling Shepard,NYG,87,WR40,11.0,62.0,205.0,93.1,20.2,105.0
96,Carson Wentz,PHI,88,QB9,9.0,56.0,162.0,97.2,14.9,102.0
98,Jordan Howard,MIA,89,RB32,11.0,43.0,215.0,98.3,19.1,85.0
99,John Brown,BUF,90,WR41,11.0,58.0,176.0,98.6,17.7,94.0
100,Anthony Miller,CHI,91,WR42,11.0,65.0,195.0,99.9,20.1,126.0
101,Drew Brees,NO,92,QB10,6.0,64.0,150.0,100.5,14.9,91.0
102,J.K. Dobbins,BAL,93,RB33,8.0,51.0,190.0,100.6,20.3,84.0
103,Hayden Hurst,ATL,94,TE9,10.0,44.0,193.0,101.5,26.9,113.0
104,Phillip Lindsay,DEN,95,RB34,8.0,60.0,203.0,101.6,18.8,82.0
105,Matt Breida,MIA,96,RB35,11.0,71.0,214.0,101.8,18.0,93.0
106,Emmanuel Sanders,NO,97,WR43,6.0,59.0,212.0,102.1,21.5,104.0
107,Deebo Samuel,SF,98,WR44,11.0,62.0,208.0,102.3,25.9,88.0
108,CeeDee Lamb,DAL,99,WR45,10.0,54.0,296.0,102.5,22.4,107.0
109,nan n,nan,nan,,,,,,,
110,Tom Brady,TB,100,QB11,13.0,70.0,162.0,103.9,15.5,90.0
111,Darius Slayton,NYG,101,WR46,11.0,50.0,186.0,104.6,21.5,106.0
112,Preston Williams,MIA,102,WR47,11.0,62.0,183.0,107.9,21.5,128.0
113,Golden Tate,NYG,103,WR48,11.0,55.0,208.0,108.1,22.5,137.0
114,Matthew Stafford,DET,104,QB12,5.0,70.0,172.0,108.1,12.8,108.0
115,Aaron Rodgers,GB,105,QB13,5.0,69.0,172.0,112.4,17.8,97.0
116,Kerryon Johnson,DET,106,RB36,5.0,44.0,235.0,113.2,17.6,99.0
117,Tevin Coleman,SF,107,RB37,11.0,76.0,230.0,114.6,19.3,112.0
118,Jerry Jeudy,DEN,108,WR49,8.0,72.0,300.0,114.7,27.2,114.0
119,Mike Williams,LAC,109,WR50,10.0,51.0,200.0,114.9,29.8,134.0
120,Austin Hooper,CLE,110,TE10,9.0,63.0,191.0,119.1,22.5,101.0
121,Latavius Murray,NO,111,RB38,6.0,80.0,232.0,119.3,21.9,100.0
122,Zack Moss,BUF,112,RB39,11.0,47.0,216.0,119.5,27.2,116.0
123,Mike Gesicki,MIA,113,TE11,11.0,57.0,259.0,120.8,27.5,120.0
124,Henry Rug,LV,114,WR51,6.0,63.0,303.0,121.5,36.6,122.0
125,Marlon Mack,IND,115,RB40,7.0,68.0,238.0,122.6,24.9,96.0
126,Jared Cook,NO,116,TE12,6.0,69.0,255.0,124.0,23.7,109.0
127,Rob Gronkowski,TB,117,TE13,13.0,63.0,232.0,124.8,28.7,89.0
129,Jalen Reagor,PHI,118,WR52,9.0,62.0,297.0,126.1,36.5,146.0
130,Duke Johnson,HOU,119,RB41,8.0,80.0,267.0,127.2,20.8,121.0
131,Antonio Gibson,WAS,120,RB42,8.0,59.0,353.0,128.5,48.7,140.0
132,Daniel Jones,NYG,121,QB14,11.0,71.0,275.0,128.6,25.5,119.0
133,Ben Roethlisberger,PIT,122,QB15,8.0,84.0,241.0,129.0,19.5,129.0
134,Justin Jefferson,MIN,123,WR53,7.0,62.0,310.0,129.6,37.8,111.0
135,Leonard Fournette,FA,124,RB43,,20.0,246.0,111.2,49.5,44.0
136,T.J. Hockenson,DET,125,TE14,5.0,69.0,180.0,131.3,20.0,127.0
137,Mecole Hardman,KC,126,WR54,10.0,64.0,222.0,132.7,28.9,138.0
138,Darrell Henderson,LAR,127,RB44,9.0,73.0,276.0,134.8,27.4,124.0
139,Cam Newton,NE,128,QB16,6.0,70.0,324.0,130.7,37.8,204.0
140,Jared Goff,LAR,129,QB17,9.0,61.0,197.0,135.6,21.9,135.0
141,Noah Fant,DEN,130,TE15,8.0,77.0,282.0,136.4,18.6,115.0
142,Jonnu Smith,TEN,131,TE16,7.0,69.0,255.0,139.5,24.8,145.0
143,Dallas Goedert,PHI,132,TE17,9.0,78.0,235.0,140.0,20.5,130.0
144,Curtis Samuel,CAR,133,WR55,13.0,81.0,240.0,136.6,29.6,157.0
145,Breshad Perriman,NYJ,134,WR56,11.0,85.0,211.0,141.1,28.9,161.0
146,Ryquell Armstead,JAC,135,RB45,7.0,83.0,199.0,141.4,37.0,136.0
147,Robby Anderson,CAR,136,WR57,13.0,65.0,216.0,139.4,29.4,125.0
148,N'Keal Harry,NE,137,WR58,6.0,54.0,278.0,141.6,28.7,180.0
149,Baker Mayfield,CLE,138,QB18,9.0,95.0,202.0,142.2,22.4,132.0
150,Sony Michel,NE,139,RB46,6.0,81.0,264.0,140.6,34.2,95.0
151,Allen Lazard,GB,140,WR59,5.0,79.0,293.0,142.9,32.3,170.0
152,Adrian Peterson,WAS,141,RB47,8.0,68.0,262.0,143.3,34.0,147.0
153,Alexander Mattison,MIN,142,RB48,7.0,98.0,261.0,143.9,23.1,117.0
154,Brandon Aiyuk,SF,143,WR60,11.0,65.0,265.0,144.6,36.9,169.0
155,Ryan Tannehill,TEN,144,QB19,7.0,100.0,202.0,145.3,22.5,143.0
156,Tony Pollard,DAL,145,RB49,10.0,96.0,241.0,147.3,22.8,131.0
157,Nyheim Hines,IND,146,RB50,7.0,84.0,260.0,145.6,28.3,139.0
158,Boston Scott,PHI,147,RB51,9.0,84.0,266.0,145.9,29.7,123.0
159,DeSean Jackson,PHI,148,WR61,9.0,45.0,304.0,145.8,38.0,149.0
160,Chris Thompson,JAC,149,RB52,7.0,84.0,235.0,150.6,35.0,193.0
161,Joe Burrow,CIN,150,QB20,9.0,95.0,343.0,152.1,35.1,150.0
162,Sammy Watkins,KC,151,WR62,10.0,94.0,229.0,149.1,24.1,154.0
163,Blake Jarwin,DAL,152,TE18,10.0,92.0,281.0,153.5,26.8,156.0
164,Jack Doyle,IND,153,TE19,7.0,59.0,267.0,153.6,28.6,151.0
165,Ke'Shawn Vaughn,TB,154,RB53,13.0,71.0,314.0,152.6,48.5,110.0
166,Chase Edmonds,ARI,155,RB54,8.0,98.0,272.0,155.4,25.6,144.0
167,Parris Campbell,IND,156,WR63,7.0,96.0,241.0,157.4,31.0,185.0
169,Chris Hernd,NYJ,157,TE20,11.0,92.0,299.0,161.7,31.7,163.0
170,Michael Pittm,IND,158,WR64,7.0,52.0,316.0,159.9,36.7,155.0
171,San Francis,DST,159,DST1,11.0,105.0,322.0,144.4,20.4,118.0
172,Gardner Minsh,JAC,160,QB21,7.0,97.0,305.0,167.0,36.2,172.0
173,Pittsburgh (PIT)P,DST,161,DST2,8.0,115.0,229.0,147.3,11.1,133.0
174,Damien Harris,NE,162,RB55,6.0,84.0,312.0,165.5,46.5,183.0
175,Kirk Cousins,MIN,163,QB22,7.0,103.0,254.0,165.1,25.9,162.0
176,Baltimore (BAL)B,DST,164,DST3,8.0,106.0,200.0,152.2,9.9,141.0
177,Larry Fitzgerald,ARI,165,WR65,8.0,94.0,246.0,162.7,30.2,192.0
178,Eric Ebron,PIT,166,TE21,8.0,92.0,267.0,172.6,27.6,142.0
179,Jimmy Garoppolo,SF,167,QB23,11.0,106.0,275.0,173.3,31.8,158.0
180,Hunter Renfrow,LV,168,WR66,6.0,65.0,295.0,177.7,38.2,165.0
181,Buffalo (BUF)B,DST,169,DST4,11.0,122.0,213.0,162.0,12.9,153.0
182,James Washington,PIT,170,WR67,8.0,81.0,269.0,179.0,28.6,210.0
183,Ian Thomas,CAR,171,TE22,13.0,113.0,350.0,182.8,41.1,178.0
184,Justin Jackson,LAC,172,RB56,10.0,100.0,313.0,181.8,37.0,159.0
185,New Engla,DST,173,DST5,6.0,114.0,234.0,167.2,17.6,164.0
186,Alshon Jeffery,PHI,174,WR68,9.0,90.0,270.0,179.1,43.7,160.0
187,Randall Cobb,HOU,175,WR69,8.0,96.0,258.0,182.5,30.5,208.0
188,Dede Westbrook,JAC,176,WR70,7.0,72.0,265.0,175.0,34.5,184.0
189,Philip Rivers,IND,177,QB24,7.0,120.0,284.0,186.2,35.5,174.0
190,Harrison Butker,KC,178,K1,10.0,116.0,210.0,173.2,9.3,152.0
191,Justin Tucker,BAL,179,K2,8.0,137.0,209.0,175.1,8.4,148.0
192,Drew Lock,DEN,180,QB25,8.0,83.0,275.0,191.3,36.9,173.0
193,Chicago (CHI)C,DST,181,DST6,11.0,130.0,230.0,175.0,20.4,168.0
194,Corey Davis,TEN,182,WR71,7.0,111.0,271.0,185.4,25.1,196.0
195,New Orlea,DST,183,DST7,6.0,123.0,230.0,178.1,19.7,179.0
196,A.J. Dillon,GB,184,RB57,5.0,112.0,299.0,189.0,36.2,167.0
197,Laviska Shenau,JAC,185,WR72,7.0,97.0,332.0,191.3,39.6,217.0
198,Irv Smi,MIN,186,TE23,7.0,99.0,308.0,196.9,37.7,198.0
199,Cole Beasley,BUF,187,WR73,11.0,102.0,282.0,192.4,29.1,211.0
200,Wil Lutz,NO,188,K3,6.0,141.0,253.0,185.1,11.3,166.0
201,Steven Sims,WAS,189,WR74,8.0,89.0,365.0,194.3,47.7,281.0
202,Jamaal Williams,GB,190,RB58,5.0,112.0,321.0,189.1,42.6,171.0
203,Carlos Hyde,SEA,191,RB59,6.0,93.0,285.0,198.1,40.9,220.0
205,Darrynton Evans,TEN,192,RB60,7.0,110.0,357.0,195.1,39.9,189.0
206,Teddy Bridgewater,CAR,193,QB26,13.0,116.0,331.0,200.3,46.0,190.0
207,Kansas Ci,DST,194,DST8,10.0,139.0,293.0,187.0,21.7,187.0
208,Greg Zuerlein,DAL,195,K4,10.0,144.0,228.0,190.2,10.7,175.0
209,Denzel Mims,NYJ,196,WR75,11.0,89.0,314.0,192.3,32.5,177.0
210,Joshua Kelley,LAC,197,RB61,10.0,84.0,301.0,196.4,41.8,206.0
211,Minnesota (MIN)M,DST,198,DST9,7.0,138.0,279.0,193.9,21.6,176.0
212,Giovani Bernard,CIN,199,RB62,9.0,144.0,310.0,199.4,33.1,214.0
213,nan n,nan,nan,,,,,,,
214,Los Angel,DST,200,DST10,9.0,130.0,290.0,194.2,25.3,186.0
215,John Ross,CIN,201,WR76,9.0,113.0,284.0,206.9,29.2,221.0
216,Greg Olsen,SEA,202,TE24,6.0,136.0,325.0,215.8,36.5,207.0
217,Sam Darnold,NYJ,203,QB27,11.0,131.0,332.0,217.5,46.8,194.0
218,Anthony McFarla,PIT,204,RB63,8.0,143.0,359.0,209.3,43.8,203.0
219,Derek Carr,LV,205,QB28,6.0,116.0,329.0,220.0,50.8,199.0
220,Robbie Gould,SF,206,K5,11.0,163.0,322.0,208.3,16.0,191.0
221,Tee Higgins,CIN,207,WR77,9.0,128.0,333.0,215.1,30.7,200.0
222,Denver (DEN)D,DST,208,DST11,8.0,157.0,314.0,211.0,23.3,216.0
223,Mohamed Sanu,NE,209,WR78,6.0,137.0,314.0,210.3,27.5,225.0
224,Danny Amendola,DET,210,WR79,5.0,128.0,345.0,213.0,29.8,274.0
225,Kenny Stills,HOU,211,WR80,8.0,138.0,293.0,215.6,27.0,233.0
226,Philadelphia (PHI)P,DST,212,DST12,9.0,134.0,342.0,212.2,23.0,227.0
227,Matt Gay,TB,213,K6,13.0,164.0,323.0,215.7,19.5,188.0
228,Los Angel,DST,214,DST13,10.0,145.0,347.0,208.1,32.0,201.0
229,Matt Prater,DET,215,K7,5.0,162.0,252.0,219.0,12.9,223.0
230,Jalen Richard,LV,216,RB64,6.0,132.0,358.0,222.0,41.0,224.0
231,Tennessee (TEN)T,DST,217,DST14,7.0,172.0,323.0,222.6,22.1,256.0
232,Russell Gage,ATL,218,WR81,10.0,124.0,338.0,224.6,34.1,317.0
233,Zane Gonzalez,ARI,219,K8,8.0,170.0,331.0,226.5,21.8,195.0
234,O.J. Howard,TB,220,TE25,13.0,108.0,340.0,231.5,39.0,202.0
235,Jake Elliott,PHI,221,K9,9.0,178.0,292.0,226.1,17.1,250.0
236,Josh Reynolds,LAR,222,WR82,9.0,91.0,327.0,227.2,29.1,283.0
237,Bryce Love,WAS,223,RB65,8.0,80.0,327.0,233.4,59.8,235.0
238,Benny Sne,PIT,224,RB66,8.0,122.0,327.0,231.3,43.3,226.0
239,DeAndre Washington,KC,225,RB67,10.0,134.0,384.0,222.1,46.8,254.0
240,Jace Sternberger,GB,226,TE26,5.0,133.0,344.0,233.1,43.2,253.0
241,Ka'imi Fairbairn,HOU,227,K10,8.0,179.0,300.0,230.1,16.3,244.0
242,Jerick McKinnon,SF,228,RB68,11.0,119.0,355.0,228.8,50.0,222.0
243,Kyle Rudolph,MIN,229,TE27,7.0,132.0,341.0,236.3,36.5,228.0
244,Bryan Edwards,LV,230,WR83,6.0,94.0,407.0,205.5,64.2,212.0
245,Miles Boykin,BAL,231,WR84,8.0,128.0,372.0,226.0,34.7,298.0
246,Malcolm Brown,LAR,232,RB69,9.0,144.0,354.0,233.1,43.5,247.0
247,Seattle (SEA)S,DST,233,DST15,6.0,163.0,318.0,230.6,21.5,248.0
248,Indianapolis (IND)I,DST,234,DST16,7.0,111.0,304.0,228.0,30.5,264.0
250,Green B,DST,235,DST17,5.0,189.0,303.0,238.6,21.0,270.0
251,Ito Smith,ATL,236,RB70,10.0,123.0,328.0,234.9,36.5,237.0
252,Chris Conley,JAC,237,WR85,7.0,150.0,332.0,228.2,24.7,292.0
253,Dawson Knox,BUF,238,TE28,11.0,142.0,352.0,246.6,32.2,236.0
254,Michael Badgley,LAC,239,K11,10.0,183.0,309.0,240.6,23.2,271.0
255,Tre'Quan Smith,NO,240,WR86,6.0,101.0,366.0,236.1,33.3,285.0
256,Gerald Everett,LAR,241,TE29,9.0,127.0,342.0,247.0,39.6,279.0
257,Tampa B,DST,242,DST18,13.0,159.0,337.0,240.1,32.8,251.0
258,Dan Bailey,MIN,243,K12,7.0,202.0,300.0,244.8,16.0,243.0
259,Chase Claypool,PIT,244,WR87,8.0,99.0,374.0,237.8,35.5,215.0
260,Dallas (DAL)D,DST,245,DST19,10.0,162.0,347.0,245.8,27.4,246.0
261,Mason Crosby,GB,246,K13,5.0,191.0,302.0,244.5,17.0,252.0
262,Younghoe Koo,ATL,247,K14,10.0,191.0,324.0,241.7,27.5,232.0
263,Rashaad Penny,SEA,248,RB71,6.0,143.0,375.0,240.1,47.4,219.0
264,Cleveland (CLE)C,DST,249,DST20,9.0,143.0,330.0,251.7,24.8,278.0
265,Andy Isabella,ARI,250,WR88,8.0,147.0,368.0,241.4,35.5,276.0
266,Adam Humphries,TEN,251,WR89,7.0,151.0,369.0,238.4,30.0,316.0
267,Will Dissly,SEA,252,TE30,6.0,92.0,386.0,253.1,39.8,282.0
268,Tyrod Taylor,LAC,253,QB29,10.0,125.0,367.0,262.1,53.9,262.0
269,New Yo,DST,254,DST21,11.0,159.0,345.0,251.6,36.6,258.0
270,Rex Burkhead,NE,255,RB72,6.0,149.0,357.0,244.5,35.6,299.0
271,Brandon McManus,DEN,256,K15,8.0,198.0,324.0,256.1,20.9,266.0
272,Jason Myers,SEA,257,K16,6.0,181.0,292.0,255.0,19.7,263.0
273,Jimmy Graham,CHI,258,TE31,11.0,133.0,341.0,256.6,33.5,257.0
274,Royce Freeman,DEN,259,RB73,8.0,115.0,388.0,246.4,53.2,260.0
275,Dwayne Haskins,WAS,260,QB30,8.0,144.0,349.0,268.6,44.4,287.0
276,Marquez Valdes-Scantling,GB,261,WR90,5.0,157.0,372.0,250.9,30.5,323.0
277,Chris Boswell,PIT,262,K17,8.0,166.0,302.0,262.1,21.2,272.0
278,J.J. Arcega-Whiteside,PHI,263,WR91,9.0,112.0,388.0,254.2,42.7,328.0
279,KJ Hamler,DEN,264,WR92,8.0,189.0,379.0,248.1,31.7,294.0
280,Tyler Eifert,JAC,265,TE32,7.0,106.0,348.0,259.4,40.9,286.0
281,Jaylen Samuels,PIT,266,RB74,8.0,132.0,366.0,252.1,44.6,209.0
282,Auden Tate,CIN,267,WR93,9.0,138.0,401.0,255.8,40.6,303.0
283,Joey Slye,CAR,268,K18,13.0,200.0,339.0,269.2,23.2,275.0
284,Justice Hill,BAL,269,RB75,8.0,142.0,380.0,255.7,56.3,231.0
285,David Njoku,CLE,270,TE33,9.0,135.0,383.0,271.3,37.6,280.0
286,Dion Lewis,NYG,271,RB76,11.0,177.0,363.0,256.5,31.6,218.0
287,Phillip Dorsett,SEA,272,WR94,6.0,184.0,380.0,258.2,31.1,318.0
288,Darrel Williams,KC,273,RB77,10.0,100.0,361.0,256.3,62.7,213.0
289,Kendrick Bourne,SF,274,WR95,11.0,107.0,408.0,248.6,45.2,277.0
290,Ryan Fitzpatrick,MIA,275,QB31,11.0,151.0,361.0,283.7,45.5,238.0
291,Houston (HOU)H,DST,276,DST22,8.0,150.0,330.0,276.5,25.0,291.0
292,Zach Pascal,IND,277,WR96,7.0,183.0,385.0,261.9,32.6,307.0
293,Dare Ogunbowale,TB,278,RB78,13.0,130.0,355.0,261.4,41.4,330.0
294,Van Jefferson,LAR,279,WR97,9.0,122.0,415.0,259.2,44.2,290.0
295,Antonio Gandy-Golden,WAS,280,WR98,8.0,148.0,391.0,262.3,42.5,344.0
296,Gus Edwards,BAL,281,RB79,8.0,173.0,363.0,272.3,39.3,293.0
297,Austin Seibert,CLE,282,K19,9.0,220.0,339.0,283.1,21.1,288.0
298,Demarcus Robinson,KC,283,WR99,10.0,202.0,389.0,271.7,33.5,326.0
299,Frank Gore,NYJ,284,RB80,11.0,146.0,367.0,272.9,53.5,241.0
300,Washington (WAS)W,DST,285,DST23,8.0,140.0,333.0,286.2,32.1,261.0
301,Josh Lambo,JAC,286,K20,7.0,171.0,338.0,282.5,20.9,273.0
302,LeSean McCoy,TB,287,RB81,13.0,123.0,362.0,247.5,59.1,182.0
304,Nick Foles,CHI,288,QB32,11.0,147.0,385.0,296.9,39.1,314.0
305,Brian Hill,ATL,289,RB82,10.0,170.0,377.0,281.0,41.2,230.0
306,Nelson Agholor,LV,290,WR100,6.0,173.0,410.0,271.2,43.5,310.0
307,Vance McDonald,PIT,291,TE34,8.0,180.0,373.0,288.7,32.6,296.0
308,Peyton Barber,WAS,292,RB83,8.0,134.0,390.0,281.9,43.9,309.0
309,Jacksonville (JAC)J,DST,293,DST24,7.0,145.0,347.0,289.9,30.9,284.0
310,Darwin Thompson,KC,294,RB84,10.0,190.0,376.0,284.7,38.1,308.0
311,Willie Snead,BAL,295,WR101,8.0,222.0,414.0,279.8,29.5,245.0
312,Devin Duvernay,BAL,296,WR102,8.0,124.0,413.0,275.9,45.2,242.0
313,Jakobi Meyers,NE,297,WR103,6.0,176.0,402.0,280.7,29.1,340.0
314,Devonta Freeman,FA,298,RB85,,131.0,369.0,265.9,50.5,205.0
315,Lynn Bowd,LV,299,RB86,6.0,146.0,366.0,267.7,57.5,249.0
316,Tua Tagovailoa,MIA,300,QB33,11.0,100.0,385.0,305.8,44.9,311.0
317,Daniel Carlson,LV,301,K21,6.0,191.0,339.0,299.0,22.8,339.0
318,Atlanta (ATL)A,DST,302,DST25,10.0,158.0,347.0,299.0,26.7,240.0
319,Stephen Hauschka,FA,303,K22,,216.0,324.0,281.0,19.1,305.0
320,Lamar Miller,NE,304,RB87,6.0,123.0,385.0,273.2,56.3,197.0
321,Detroit (DET)D,DST,305,DST26,5.0,152.0,355.0,305.1,24.3,265.0
322,David Moore,SEA,306,WR104,6.0,208.0,403.0,286.5,31.8,
323,Carolina (CAR)C,DST,307,DST27,13.0,145.0,351.0,303.7,32.5,367.0
324,Brett Maher,FA,308,K23,,169.0,353.0,296.3,29.6,
325,DaeSean Hamilton,DEN,309,WR105,8.0,151.0,421.0,290.1,43.4,
326,Chase McLaughlin,IND,310,K24,7.0,215.0,353.0,294.9,27.7,297.0
327,Cameron Brate,TB,311,TE35,13.0,212.0,376.0,307.7,30.9,319.0
328,Dustin Hopkins,WAS,312,K25,8.0,178.0,353.0,306.2,26.4,334.0
329,Mitch Trubisky,CHI,313,QB34,11.0,172.0,387.0,318.1,35.7,324.0
330,Mike Boone,MIN,314,RB88,7.0,190.0,364.0,306.0,28.9,331.0
331,Greg Ward,PHI,315,WR106,9.0,88.0,384.0,274.2,53.7,348.0
332,Justin Rohrwasser,NE,316,K26,6.0,212.0,342.0,291.0,27.3,304.0
333,Lamical Perine,NYJ,317,RB89,11.0,188.0,368.0,304.7,31.3,312.0
334,Patrick Laird,MIA,318,RB90,11.0,227.0,365.0,305.2,29.1,320.0
335,DeeJay Dallas,SEA,319,RB91,6.0,177.0,391.0,301.1,43.3,365.0
336,C.J. Uzomah,CIN,320,TE36,9.0,163.0,354.0,286.3,35.5,267.0
337,Arizona (ARI)A,DST,321,DST28,8.0,140.0,347.0,306.7,30.4,352.0
338,Justin Herbert,LAC,322,QB35,10.0,124.0,387.0,322.6,38.2,306.0
339,Randy Bullock,CIN,323,K27,9.0,182.0,342.0,309.7,23.8,301.0
340,Darren Fells,HOU,324,TE37,8.0,173.0,348.0,298.2,33.0,327.0
341,Aldrick Rosas,FA,325,K28,,203.0,339.0,298.7,22.5,335.0
342,Trey Burton,IND,326,TE38,7.0,153.0,388.0,297.3,48.7,
343,Jordan Akins,HOU,327,TE39,8.0,180.0,351.0,295.0,31.0,
344,Keke Coutee,HOU,328,WR107,8.0,212.0,422.0,305.2,38.6,
345,Ted Ginn,CHI,329,WR108,11.0,207.0,425.0,300.2,38.9,363.0
346,Devine Ozigbo,JAC,330,RB92,7.0,145.0,380.0,242.4,70.0,239.0
347,Reggie Bonnafon,CAR,331,RB93,13.0,235.0,382.0,319.1,30.5,343.0
348,Las Veg,DST,332,DST29,6.0,204.0,353.0,313.6,29.1,
349,Qadree Ollison,ATL,333,RB94,10.0,206.0,390.0,326.1,25.2,
350,T.J. Yeldon,BUF,334,RB95,11.0,249.0,388.0,322.9,28.0,355.0
351,Devin Asiasi,NE,335,TE40,6.0,166.0,365.0,300.3,49.3,268.0
352,Olabisi Johnson,MIN,336,WR109,7.0,138.0,362.0,270.9,44.5,351.0
354,Dan Arnold,ARI,337,TE41,8.0,121.0,409.0,286.7,53.2,289.0
355,Jordan Wilkins,IND,338,RB96,7.0,236.0,392.0,326.9,31.2,
356,Eno Benjamin,ARI,339,RB97,8.0,188.0,393.0,318.2,39.5,300.0
357,Stephen Gostkowski,FA,340,K29,,177.0,342.0,252.2,47.3,313.0
358,Wayne Gallman,NYG,341,RB98,11.0,260.0,386.0,328.3,27.3,
359,Bo Scarbrough,DET,342,RB99,5.0,228.0,387.0,335.5,25.6,359.0
360,Jacob Hollister,SEA,343,TE42,6.0,211.0,381.0,316.0,38.1,322.0
361,Keelan Cole,JAC,344,WR110,7.0,222.0,392.0,314.0,38.1,
362,Travis Homer,SEA,345,RB100,6.0,248.0,389.0,334.8,23.3,
363,Dante Pettis,SF,346,WR111,11.0,169.0,392.0,306.9,48.0,362.0
364,Nick Boyle,BAL,347,TE43,8.0,245.0,394.0,314.5,30.8,
365,Scott Miller,TB,348,WR112,13.0,184.0,369.0,290.7,48.3,354.0
366,Trent Taylor,SF,349,WR113,11.0,189.0,395.0,290.8,56.0,373.0
367,Jarrett Stidham,NE,350,QB36,6.0,248.0,394.0,333.1,33.1,302.0
368,Jakeem Grant,MIA,351,WR114,11.0,211.0,385.0,292.8,41.4,
369,Myles Gaskin,MIA,352,RB101,11.0,264.0,385.0,335.7,23.0,
370,Greg Joseph,TEN,353,K30,7.0,224.0,354.0,298.1,33.6,295.0
371,Antonio Brown,FA,354,WR115,,62.0,396.0,279.8,44.5,181.0
372,Cole Kmet,CHI,355,TE44,11.0,179.0,380.0,329.1,34.7,329.0
373,Logan Thomas,WAS,356,TE45,8.0,126.0,374.0,299.3,47.0,338.0
374,Jason Witten,LV,357,TE46,6.0,136.0,389.0,326.5,38.4,364.0
375,Ryan Griffin,NYJ,358,TE47,11.0,179.0,390.0,328.9,34.9,
376,Miami (MIA)M,DST,359,DST30,11.0,197.0,355.0,310.4,35.0,350.0
377,Justin Watson,TB,360,WR116,13.0,250.0,393.0,322.3,34.9,
378,Tyler Johnson,TB,361,WR117,13.0,196.0,383.0,319.8,40.9,
379,Jason Sanders,MIA,362,K31,11.0,228.0,353.0,305.7,30.4,315.0
380,New Yo,DST,363,DST31,11.0,205.0,355.0,321.5,30.7,
381,Derrius Guice,FA,364,RB102,,60.0,385.0,201.8,115.7,375.0
382,Cincinnati (CIN)C,DST,365,DST32,9.0,202.0,355.0,324.2,28.3,234.0
383,Mike Davis,CAR,366,RB103,13.0,185.0,406.0,337.6,42.1,259.0
384,Tajae Sharpe,MIN,367,WR118,7.0,229.0,394.0,316.7,30.0,333.0
385,Jeff Wilson,SF,368,RB104,11.0,164.0,391.0,334.2,35.0,
386,Eddy Pineiro,CHI,369,K32,11.0,239.0,364.0,312.6,30.8,336.0
387,Jameis Winston,NO,370,QB37,6.0,254.0,396.0,340.0,33.9,345.0
388,Isaiah Ford,MIA,371,WR119,11.0,203.0,378.0,300.1,48.0,
389,Taysom Hill,NO,372,QB38,6.0,167.0,387.0,336.4,43.5,
390,Cordarrelle Patterson,CHI,373,WR120,11.0,160.0,382.0,307.7,58.8,
391,Corey Clement,PHI,374,RB105,9.0,165.0,383.0,327.4,43.2,374.0
392,Ty Montgomery,NO,375,RB106,6.0,235.0,389.0,339.4,31.9,371.0
393,Kyle Juszczyk,SF,376,RB107,11.0,245.0,388.0,336.4,32.1,342.0
394,Quintez Cephus,DET,377,WR121,5.0,219.0,375.0,316.4,43.2,370.0
395,J.D. McKissic,WAS,378,RB108,8.0,186.0,380.0,308.1,46.3,357.0
396,Sam Sloman,LAR,379,K33,9.0,204.0,365.0,300.7,40.5,321.0
397,Marcus Mariota,LV,380,QB39,6.0,253.0,386.0,334.5,35.0,332.0
398,Jeremy Sprinkle,WAS,381,TE48,8.0,245.0,417.0,342.3,28.4,
399,Kalen Ballage,MIA,382,RB109,11.0,272.0,392.0,336.5,24.2,
400,Adam Vinatieri,FA,383,K34,,177.0,370.0,308.1,35.3,
401,KeeSean Johnson,ARI,384,WR122,8.0,222.0,386.0,331.7,34.4,
402,Trayveon Williams,CIN,385,RB110,9.0,238.0,393.0,342.7,36.5,
403,Zay Jones,LV,386,WR123,6.0,208.0,384.0,321.6,32.3,
404,Jake Kumerow,GB,387,WR124,5.0,247.0,377.0,326.0,35.4,
405,Kai Forbath,FA,388,K35,,234.0,367.0,309.6,25.1,
406,Trey Quinn,WAS,389,WR125,8.0,205.0,393.0,324.1,47.4,
407,Tyler Bass,BUF,390,K36,11.0,253.0,309.0,282.4,18.5,368.0
408,Equanimeous S,GB,391,WR126,5.0,157.0,379.0,315.8,41.1,
409,Graham Gano,NYG,392,K37,11.0,238.0,353.0,304.2,24.2,
410,Rashard Higgins,CLE,393,WR127,9.0,269.0,382.0,346.7,29.2,
411,Hakeem Butler,ARI,394,WR128,8.0,247.0,395.0,329.0,38.0,366.0
412,Ty Johnson,DET,395,RB111,5.0,238.0,391.0,344.7,29.6,
414,Damiere Byrd,NE,396,WR129,6.0,286.0,387.0,334.9,31.7,
415,Taylor Gabriel,FA,397,WR130,,208.0,368.0,283.3,48.6,
416,Ryan Nall,CHI,398,RB112,11.0,235.0,386.0,329.8,34.7,
417,Adam Trautman,NO,399,TE49,6.0,241.0,411.0,356.7,22.0,372.0
418,Drew Sample,CIN,400,TE50,9.0,304.0,420.0,355.3,22.0,353.0
419,Dontrelle Inman,WAS,401,WR131,8.0,189.0,370.0,294.7,44.7,
420,Jordan Reed,SF,402,TE51,11.0,232.0,392.0,342.7,36.0,
421,Andy Dalton,DAL,403,QB40,10.0,255.0,397.0,345.5,33.8,
422,Kaden Smith,NYG,404,TE52,11.0,218.0,416.0,348.7,36.7,341.0
423,Dalton Keene,NE,405,TE53,6.0,281.0,394.0,346.1,31.9,
424,Donovan Peoples-Jones,CLE,406,WR132,9.0,262.0,395.0,340.8,36.3,
425,Foster Moreau,LV,407,TE54,6.0,230.0,412.0,351.3,28.1,
426,Dontrell Hilliard,CLE,408,RB113,9.0,287.0,393.0,354.2,22.5,
427,Javon Wims,CHI,409,WR133,11.0,270.0,390.0,348.6,26.7,
428,Delanie Walker,FA,410,TE55,,169.0,397.0,332.1,38.0,
429,Anthony Firkser,TEN,411,TE56,7.0,301.0,388.0,352.0,18.9,
430,Josh Gordon,FA,412,WR134,,264.0,396.0,352.1,26.1,229.0
431,John Hightower,PHI,413,WR135,9.0,189.0,378.0,289.8,60.9,
432,Demaryius Thomas,FA,414,WR136,,267.0,372.0,313.9,34.0,
433,Sam Ficken,NYJ,415,K38,11.0,267.0,373.0,323.1,27.5,325.0
434,Kahale Warring,HOU,416,TE57,8.0,172.0,382.0,330.3,40.8,
435,Tim Patrick,DEN,417,WR137,8.0,246.0,389.0,331.1,38.7,
436,Maxx Williams,ARI,418,TE58,8.0,236.0,391.0,342.6,33.5,
437,JaMycal Hasty,SF,419,RB114,11.0,181.0,380.0,328.4,32.6,347.0
438,Paul Richards,SEA,420,WR138,6.0,301.0,372.0,329.6,23.8,
439,Dexter Williams,GB,421,RB115,5.0,288.0,382.0,345.5,21.3,
440,Albert Okwuegbunam,DEN,422,TE59,8.0,243.0,418.0,353.1,33.2,
441,James Robinson,JAC,423,RB116,7.0,198.0,404.0,321.7,54.0,
442,Jalen Hurts,PHI,424,QB41,9.0,215.0,397.0,346.2,48.8,255.0
443,Devontae Booker,LV,425,RB117,6.0,195.0,366.0,342.2,20.1,
444,Jacoby Brissett,IND,426,QB42,7.0,278.0,397.0,348.2,28.7,
445,Kalif Raymond,TEN,427,WR139,7.0,311.0,395.0,347.7,26.3,
446,Robert Tonyan,GB,428,TE60,5.0,255.0,388.0,331.1,40.1,
447,Nick Folk,NE,429,K39,6.0,251.0,330.0,292.0,20.3,
448,K.J. Hill,LAC,430,WR140,10.0,293.0,389.0,356.0,28.8,
449,Gary Jennin,MIA,431,WR141,11.0,203.0,311.0,277.3,43.2,
450,Joe Reed,LAC,432,WR142,10.0,261.0,376.0,350.5,33.5,
451,Mo Alie-Cox,IND,433,TE61,7.0,308.0,389.0,362.9,14.3,
452,Ryan Succop,TB,434,K40,13.0,215.0,299.0,248.0,36.6,
453,Laquon Treadwell,ATL,435,WR143,10.0,293.0,392.0,360.8,21.5,
454,Rodney Anderson,FA,436,RB118,,245.0,349.0,291.0,37.4,
455,Rodrigo Blankenship,IND,437,K41,7.0,273.0,352.0,313.2,32.1,
456,Bilal Powell,FA,438,RB119,,303.0,362.0,347.3,11.3,
457,Chris Thompson,FA,439,WR144,,185.0,210.0,197.5,12.5,
458,Isaiah Coulter,HOU,440,WR145,8.0,262.0,377.0,318.4,44.5,
459,Thaddeus Moss,FA,441,TE62,,232.0,419.0,360.8,36.7,
460,Ricky Seals-Jones,KC,442,TE63,10.0,325.0,424.0,370.4,21.6,
461,Kyle Allen,WAS,443,QB43,8.0,252.0,391.0,325.2,49.0,360.0
462,Gabriel Davis,BUF,444,WR146,11.0,314.0,396.0,352.5,28.1,
463,Chester Rogers,MIA,445,WR147,11.0,286.0,346.0,307.5,22.9,
464,Raymond Calais,TB,446,RB120,13.0,307.0,379.0,332.0,25.6,
465,Matt Bryant,FA,447,K42,,216.0,252.0,234.0,18.0,
466,Ameer Abdullah,MIN,448,RB121,7.0,279.0,386.0,353.4,20.8,
467,Seth Roberts,CAR,449,WR148,13.0,138.0,390.0,347.3,67.4,
468,Jalen Guyton,LAC,450,WR149,10.0,262.0,388.0,323.3,58.5,
469,Jesse James,DET,451,TE64,5.0,343.0,394.0,368.5,13.7,
470,Mack Hollins,MIA,452,WR150,11.0,263.0,346.0,303.3,33.9,
471,Riley Ridley,CHI,453,WR151,11.0,270.0,383.0,360.0,28.1,
472,Braxton Berrios,NYJ,454,WR152,11.0,262.0,379.0,335.3,46.1,
473,Marvin Hall,DET,455,WR153,5.0,328.0,393.0,348.8,25.5,
474,Kerrith Why,PIT,456,RB122,8.0,349.0,365.0,357.2,5.4,
475,Jaeden Graham,ATL,457,TE65,10.0,349.0,392.0,371.4,15.4,
476,Alex Smith,WAS,458,QB44,8.0,254.0,358.0,319.0,46.3,
477,Michael Warr,PHI,459,RB123,9.0,282.0,381.0,319.7,43.7,
478,Case Keenum,CLE,460,QB45,9.0,292.0,362.0,321.0,29.8,
480,Christian Blake,ATL,461,WR154,10.0,285.0,389.0,353.8,36.7,
481,Chandler Catanzaro,FA,462,K43,,309.0,342.0,325.7,13.5,
482,Nick Vannett,DEN,463,TE66,8.0,287.0,385.0,355.6,34.0,
483,Robert Foster,BUF,464,WR155,11.0,223.0,378.0,355.8,35.3,
484,Darius Jennings,LAC,465,WR156,10.0,285.0,368.0,331.3,34.6,
485,Taywan Taylor,CLE,466,WR157,9.0,270.0,327.0,298.5,28.5,
486,Artavis Pierce,CHI,467,RB124,11.0,245.0,355.0,300.0,55.0,349.0
487,Brycen Hopkins,LAR,468,TE67,9.0,339.0,356.0,349.3,6.3,
488,Devin Smith,DAL,469,WR158,10.0,293.0,384.0,359.0,24.3,
489,Isaiah McKenzie,BUF,470,WR159,11.0,305.0,384.0,349.5,29.2,
490,Josh Hill,NO,471,TE68,6.0,342.0,387.0,365.8,11.8,
491,Chris Hogan,NYJ,472,WR160,11.0,228.0,377.0,302.5,74.5,
492,Corey Coleman,NYG,473,WR161,11.0,301.0,379.0,351.3,30.0,
493,Adam Shaheen,MIA,474,TE69,11.0,337.0,391.0,360.6,20.0,
494,Dalton Schultz,DAL,475,TE70,10.0,260.0,393.0,360.8,31.2,
495,CJ Ham,MIN,476,RB125,7.0,257.0,381.0,361.4,15.5,
496,Alex Erickson,CIN,477,WR162,9.0,271.0,391.0,372.6,13.2,
497,Duke Williams,BUF,478,WR163,11.0,244.0,378.0,311.0,67.0,
498,Jordan Scarlett,FA,479,RB126,,321.0,374.0,344.7,22.0,
499,Vyncint Smith,NYJ,480,WR164,11.0,315.0,374.0,345.0,24.1,
500,Buddy Howell,HOU,481,RB127,8.0,337.0,380.0,366.8,15.7,
501,Dwayne Washington,NO,482,RB128,6.0,351.0,373.0,360.3,8.3,
502,Jordan Thomas,HOU,483,TE71,8.0,299.0,349.0,324.0,25.0,
503,John Kelly,LAR,484,RB129,9.0,306.0,386.0,348.7,32.9,369.0
504,Reggie Begelton,GB,485,WR165,5.0,269.0,384.0,326.5,57.5,
505,Ross Dwelley,SF,486,TE72,11.0,343.0,370.0,353.3,11.9,
506,Josh Rosen,MIA,487,QB46,11.0,302.0,363.0,332.5,30.5,
507,Hunter Bryant,DET,488,TE73,5.0,342.0,374.0,355.7,13.5,
508,Dalyn Dawkins,FA,489,RB130,,342.0,375.0,356.7,13.7,
509,Richie James,SF,490,WR166,11.0,297.0,377.0,337.0,40.0,
510,Marcedes Lewis,GB,491,TE74,5.0,334.0,376.0,358.0,17.7,
511,Andre Patton,ARI,492,WR167,8.0,300.0,381.0,340.5,40.5,
512,Josh Bellamy,NYJ,493,WR168,11.0,317.0,367.0,342.0,25.0,
513,James O'Shaughnessy,JAC,494,TE75,7.0,294.0,390.0,375.8,9.7,
514,Jakob Johnson,NE,495,RB131,6.0,310.0,379.0,344.5,34.5,
515,C.J. Anderson,FA,496,RB132,,341.0,350.0,345.5,4.5,
516,Richard Rodgers,WAS,497,TE76,8.0,352.0,370.0,364.0,8.5,
517,Jason Huntley,DET,498,RB133,5.0,299.0,405.0,352.0,53.0,
518,Kenneth Dixon,FA,499,RB134,,321.0,378.0,349.5,28.5,
519,Jeff Thomas,NE,500,WR169,6.0,314.0,396.0,355.0,41.0,
520,Andy Janovich,CLE,501,RB135,9.0,327.0,384.0,355.5,28.5,
521,Darnell Mooney,CHI,502,WR170,11.0,333.0,383.0,358.0,25.0,
522,Khari Blasingame,TEN,503,RB136,7.0,362.0,390.0,371.3,13.2,
523,Karan Higdon,HOU,504,RB137,8.0,360.0,380.0,371.7,8.5,
524,Damion Ratley,CLE,505,WR171,9.0,372.0,383.0,377.3,4.5,
525,Josh Adams,NYJ,506,RB138,11.0,356.0,382.0,369.0,13.0,
526,Gunner Olszewski,NE,507,WR172,6.0,356.0,383.0,369.5,13.5,
527,J.J. Taylor,NE,508,RB139,6.0,373.0,387.0,379.0,5.9,
528,Dezmon Patmon,IND,509,WR173,7.0,371.0,373.0,372.0,1.0,
529,Elijhaa Penny,NYG,510,RB140,11.0,359.0,387.0,373.0,14.0,
530,Byron Pringle,KC,511,WR174,10.0,361.0,395.0,381.7,14.8,
531,Josiah Deguara,GB,512,TE77,5.0,369.0,380.0,374.5,5.5,356.0
532,Taquan Mizzell,FA,513,RB141,,358.0,393.0,375.5,17.5,
533,Virgil Green,LAC,514,TE78,10.0,375.0,376.0,375.5,0.5,
534,K.J. Osborn,MIN,515,WR175,7.0,375.0,376.0,375.5,0.5,
535,Robert Griffin,BAL,516,QB47,8.0,371.0,381.0,376.0,5.0,
536,Phillip Walker,CAR,517,QB48,13.0,367.0,387.0,377.0,10.0,
537,David Fluellen,FA,518,RB142,,361.0,395.0,378.0,17.0,
538,Ryan Switzer,PIT,519,WR176,8.0,374.0,383.0,378.5,4.5,
539,James Proche,BAL,520,WR177,8.0,383.0,389.0,386.0,3.0,
540,Deon Cain,PIT,521,WR178,8.0,387.0,394.0,390.3,2.9,
541,Elijah Holyfield,PHI,522,RB143,9.0,385.0,389.0,387.0,2.0,
542,Alec Ingold,LV,523,RB144,6.0,386.0,393.0,389.5,3.5,
543,Mike Davis,FA,524,WR179,,383.0,423.0,403.0,20.0,
544,Patrick DiMarco,BUF,525,RB145,11.0,392.0,392.0,392.0,0.0,
