,Player,Team,Pos,Receptions,ReceivingYds,ReceivingTD,FL,RushingAtt,RushingYds,RushingTD,PassingAtt,PassingCmp,PassingYds,PassingTD,Int,FieldGoalsMade,FieldGoalsAttempted,ExtraPointsMade,TotalSacks,TotalInt,FumblesRecovered,FumblesForced,DefensiveTDs,SafetysForced,PointsAllowed,FantasyPoints
0,Lamar Jackson,BAL,QB,0.0,0.0,0.0,2.4,160.8,967.8,5.8,469.5,302.5,3493.6,29.7,12.1,0.0,0.0,0.0,0.0,0.0,0.0,0.0,0.0,0.0,0.0,361.1
1,Patrick Mahomes,KC,QB,0.0,0.0,0.0,1.2,55.6,302.0,2.8,573.4,374.5,4604.6,34.6,10.9,0.0,0.0,0.0,0.0,0.0,0.0,0.0,0.0,0.0,0.0,345.1
2,Dak Prescott,DAL,QB,0.0,0.0,0.0,2.3,64.4,261.4,3.7,581.9,379.9,4551.9,29.2,12.1,0.0,0.0,0.0,0.0,0.0,0.0,0.0,0.0,0.0,0.0,318.5
3,Deshaun Watson,HOU,QB,0.0,0.0,0.0,1.8,92.9,491.2,4.8,530.2,349.3,4019.2,25.9,12.9,0.0,0.0,0.0,0.0,0.0,0.0,0.0,0.0,0.0,0.0,312.7
4,Russell Wilson,SEA,QB,0.0,0.0,0.0,1.6,72.1,373.7,2.4,500.2,329.0,3957.3,29.6,8.4,0.0,0.0,0.0,0.0,0.0,0.0,0.0,0.0,0.0,0.0,308.5
5,Josh Allen,BUF,QB,0.0,0.0,0.0,2.9,115.1,623.5,6.8,525.4,310.4,3533.3,21.3,13.2,0.0,0.0,0.0,0.0,0.0,0.0,0.0,0.0,0.0,0.0,297.4
6,Kyler Murray,ARI,QB,0.0,0.0,0.0,1.9,87.3,475.4,3.2,565.4,365.7,3997.8,24.6,12.8,0.0,0.0,0.0,0.0,0.0,0.0,0.0,0.0,0.0,0.0,295.4
7,Matt Ryan,ATL,QB,0.0,0.0,0.0,3.2,35.1,134.5,1.4,633.1,421.7,4713.5,28.1,13.5,0.0,0.0,0.0,0.0,0.0,0.0,0.0,0.0,0.0,0.0,289.3
8,Drew Brees,NO,QB,0.0,0.0,0.0,0.7,24.0,29.6,1.1,538.8,385.4,4226.4,30.6,10.0,0.0,0.0,0.0,0.0,0.0,0.0,0.0,0.0,0.0,0.0,279.3
9,Aaron Rodgers,GB,QB,0.0,0.0,0.0,2.4,44.7,188.4,1.2,568.8,357.9,4104.8,27.1,8.2,0.0,0.0,0.0,0.0,0.0,0.0,0.0,0.0,0.0,0.0,277.3
10,Tom Brady,TB,QB,0.0,0.0,0.0,0.9,24.3,38.8,1.3,570.6,360.7,4313.7,28.7,10.5,0.0,0.0,0.0,0.0,0.0,0.0,0.0,0.0,0.0,0.0,276.4
11,Carson Wentz,PHI,QB,0.0,0.0,0.0,4.2,57.8,213.1,1.7,573.7,372.4,4049.5,27.6,10.3,0.0,0.0,0.0,0.0,0.0,0.0,0.0,0.0,0.0,0.0,274.7
0,Christian McCaffrey,CAR,RB,102.8,855.8,4.5,2.2,252.7,1130.8,8.5,0.0,0.0,0.0,0.0,0.0,0.0,0.0,0.0,0.0,0.0,0.0,0.0,0.0,0.0,0.0,272.2
12,Cam Newton,NE,QB,0.0,0.0,0.0,1.4,109.6,391.1,3.8,505.2,309.4,3566.1,23.1,13.3,0.0,0.0,0.0,0.0,0.0,0.0,0.0,0.0,0.0,0.0,267.7
13,Jared Goff,LAR,QB,0.0,0.0,0.0,2.6,37.3,94.8,1.1,597.8,379.6,4363.2,26.2,14.8,0.0,0.0,0.0,0.0,0.0,0.0,0.0,0.0,0.0,0.0,260.7
14,Matthew Stafford,DET,QB,0.0,0.0,0.0,3.1,25.5,85.7,0.7,573.7,370.4,4293.9,26.2,11.9,0.0,0.0,0.0,0.0,0.0,0.0,0.0,0.0,0.0,0.0,259.1
15,Ryan Tannehill,TEN,QB,0.0,0.0,0.0,2.8,58.3,256.8,2.5,455.1,299.8,3689.2,24.6,11.5,0.0,0.0,0.0,0.0,0.0,0.0,0.0,0.0,0.0,0.0,258.2
16,Daniel Jones,NYG,QB,0.0,0.0,0.0,7.9,58.4,298.9,2.5,566.4,355.3,3900.1,25.0,16.0,0.0,0.0,0.0,0.0,0.0,0.0,0.0,0.0,0.0,0.0,253.1
17,Baker Mayfield,CLE,QB,0.0,0.0,0.0,1.9,32.1,155.2,1.5,524.5,323.7,3935.5,25.8,14.8,0.0,0.0,0.0,0.0,0.0,0.0,0.0,0.0,0.0,0.0,252.0
18,Gardner Minshew II,JAC,QB,0.0,0.0,0.0,5.4,68.9,340.6,1.8,553.5,340.1,3786.0,22.4,11.8,0.0,0.0,0.0,0.0,0.0,0.0,0.0,0.0,0.0,0.0,251.3
19,Ben Roethlisberger,PIT,QB,0.0,0.0,0.0,1.3,21.4,61.0,1.2,549.3,357.8,4016.8,25.9,14.1,0.0,0.0,0.0,0.0,0.0,0.0,0.0,0.0,0.0,0.0,246.5
20,Jimmy Garoppolo,SF,QB,0.0,0.0,0.0,2.8,39.0,96.5,1.2,488.6,325.0,3887.3,26.9,14.4,0.0,0.0,0.0,0.0,0.0,0.0,0.0,0.0,0.0,0.0,246.0
21,Kirk Cousins,MIN,QB,0.0,0.0,0.0,3.3,34.4,81.4,1.0,501.4,337.4,3861.1,25.9,10.2,0.0,0.0,0.0,0.0,0.0,0.0,0.0,0.0,0.0,0.0,245.3
1,Saquon Barkley,NYG,RB,66.2,536.9,2.7,1.5,271.2,1237.0,9.0,0.0,0.0,0.0,0.0,0.0,0.0,0.0,0.0,0.0,0.0,0.0,0.0,0.0,0.0,0.0,244.6
22,Joe Burrow,CIN,QB,0.0,0.0,0.0,3.6,43.2,237.0,1.8,560.5,347.4,3884.9,22.9,15.3,0.0,0.0,0.0,0.0,0.0,0.0,0.0,0.0,0.0,0.0,244.0
2,Ezekiel Elliott,DAL,RB,59.3,468.6,2.6,2.6,288.0,1261.9,9.5,0.0,0.0,0.0,0.0,0.0,0.0,0.0,0.0,0.0,0.0,0.0,0.0,0.0,0.0,0.0,240.3
3,Derrick Henry,TEN,RB,21.5,183.7,1.0,2.4,294.8,1481.1,12.1,0.0,0.0,0.0,0.0,0.0,0.0,0.0,0.0,0.0,0.0,0.0,0.0,0.0,0.0,0.0,239.9
23,Teddy Bridgewater,CAR,QB,0.0,0.0,0.0,0.5,29.2,109.0,0.9,566.3,361.8,3940.7,23.4,13.6,0.0,0.0,0.0,0.0,0.0,0.0,0.0,0.0,0.0,0.0,239.2
24,Drew Lock,DEN,QB,0.0,0.0,0.0,3.0,42.1,183.8,1.2,532.0,339.0,3751.8,22.8,12.8,0.0,0.0,0.0,0.0,0.0,0.0,0.0,0.0,0.0,0.0,235.5
25,Philip Rivers,IND,QB,0.0,0.0,0.0,1.7,13.4,21.1,0.2,534.7,339.8,3968.1,25.2,13.5,0.0,0.0,0.0,0.0,0.0,0.0,0.0,0.0,0.0,0.0,232.3
4,Dalvin Cook,MIN,RB,58.1,519.8,1.9,2.7,262.7,1151.0,9.8,0.0,0.0,0.0,0.0,0.0,0.0,0.0,0.0,0.0,0.0,0.0,0.0,0.0,0.0,0.0,231.9
26,Derek Carr,LV,QB,0.0,0.0,0.0,2.6,25.6,75.4,1.3,497.8,334.6,3730.5,22.7,10.2,0.0,0.0,0.0,0.0,0.0,0.0,0.0,0.0,0.0,0.0,229.8
27,Sam Darnold,NYJ,QB,0.0,0.0,0.0,2.2,43.9,144.5,1.6,519.0,324.1,3670.4,22.9,15.6,0.0,0.0,0.0,0.0,0.0,0.0,0.0,0.0,0.0,0.0,226.6
5,Alvin Kamara,NO,RB,83.0,600.6,2.8,1.7,201.4,920.9,7.9,0.0,0.0,0.0,0.0,0.0,0.0,0.0,0.0,0.0,0.0,0.0,0.0,0.0,0.0,0.0,213.3
0,Michael Thomas,NO,WR,127.9,1521.9,9.0,0.5,0.3,0.9,0.0,0.0,0.0,0.0,0.0,0.0,0.0,0.0,0.0,0.0,0.0,0.0,0.0,0.0,0.0,0.0,205.2
6,Clyde Edwards-Helaire,KC,RB,51.0,455.1,3.1,2.2,211.2,943.2,8.2,0.0,0.0,0.0,0.0,0.0,0.0,0.0,0.0,0.0,0.0,0.0,0.0,0.0,0.0,0.0,203.1
7,Joe Mixon,CIN,RB,39.7,306.2,1.7,1.8,269.5,1178.6,7.7,0.0,0.0,0.0,0.0,0.0,0.0,0.0,0.0,0.0,0.0,0.0,0.0,0.0,0.0,0.0,201.6
8,Nick Chubb,CLE,RB,24.8,191.5,1.1,2.1,275.4,1251.9,8.9,0.0,0.0,0.0,0.0,0.0,0.0,0.0,0.0,0.0,0.0,0.0,0.0,0.0,0.0,0.0,200.0
9,Miles Sanders,PHI,RB,51.7,462.6,2.4,2.1,234.7,1050.6,6.0,0.0,0.0,0.0,0.0,0.0,0.0,0.0,0.0,0.0,0.0,0.0,0.0,0.0,0.0,0.0,197.5
10,Aaron Jones,GB,RB,43.2,353.3,2.1,1.6,211.7,962.5,9.3,0.0,0.0,0.0,0.0,0.0,0.0,0.0,0.0,0.0,0.0,0.0,0.0,0.0,0.0,0.0,196.7
1,Davante Adams,GB,WR,106.4,1338.5,10.2,0.5,0.0,0.0,0.0,0.0,0.0,0.0,0.0,0.0,0.0,0.0,0.0,0.0,0.0,0.0,0.0,0.0,0.0,0.0,194.2
11,Josh Jacobs,LV,RB,28.5,222.1,0.8,2.0,267.4,1186.3,8.8,0.0,0.0,0.0,0.0,0.0,0.0,0.0,0.0,0.0,0.0,0.0,0.0,0.0,0.0,0.0,194.1
12,Kenyan Drake,ARI,RB,54.3,414.3,2.2,1.7,208.9,961.9,7.4,0.0,0.0,0.0,0.0,0.0,0.0,0.0,0.0,0.0,0.0,0.0,0.0,0.0,0.0,0.0,191.6
13,Austin Ekeler,LAC,RB,66.4,671.7,4.2,1.3,164.3,709.3,4.3,0.0,0.0,0.0,0.0,0.0,0.0,0.0,0.0,0.0,0.0,0.0,0.0,0.0,0.0,0.0,186.3
2,Julio Jones,ATL,WR,102.2,1441.5,6.8,0.5,0.8,2.1,0.0,0.0,0.0,0.0,0.0,0.0,0.0,0.0,0.0,0.0,0.0,0.0,0.0,0.0,0.0,0.0,184.1
14,Chris Carson,SEA,RB,31.5,245.1,1.3,2.4,244.0,1100.6,7.8,0.0,0.0,0.0,0.0,0.0,0.0,0.0,0.0,0.0,0.0,0.0,0.0,0.0,0.0,0.0,183.9
3,Tyreek Hill,KC,WR,81.9,1195.4,8.4,0.5,9.8,59.3,0.4,0.0,0.0,0.0,0.0,0.0,0.0,0.0,0.0,0.0,0.0,0.0,0.0,0.0,0.0,0.0,177.1
28,Dwayne Haskins,WAS,QB,0.0,0.0,0.0,2.0,29.3,134.2,0.8,435.3,266.9,3043.4,17.1,13.8,0.0,0.0,0.0,0.0,0.0,0.0,0.0,0.0,0.0,0.0,177.1
15,Todd Gurley,ATL,RB,41.2,317.4,2.1,1.4,204.9,870.5,7.8,0.0,0.0,0.0,0.0,0.0,0.0,0.0,0.0,0.0,0.0,0.0,0.0,0.0,0.0,0.0,175.3
16,James Conner,PIT,RB,41.4,335.2,2.0,2.4,225.1,938.6,6.5,0.0,0.0,0.0,0.0,0.0,0.0,0.0,0.0,0.0,0.0,0.0,0.0,0.0,0.0,0.0,173.4
17,David Johnson,HOU,RB,42.1,405.0,3.0,1.9,216.1,834.1,5.2,0.0,0.0,0.0,0.0,0.0,0.0,0.0,0.0,0.0,0.0,0.0,0.0,0.0,0.0,0.0,169.4
29,Tyrod Taylor,LAC,QB,0.0,0.0,0.0,1.1,48.2,232.0,1.7,363.4,229.8,2446.2,14.1,8.7,0.0,0.0,0.0,0.0,0.0,0.0,0.0,0.0,0.0,0.0,167.9
4,Chris Godwin,TB,WR,83.1,1201.9,7.7,0.5,1.5,9.3,0.1,0.0,0.0,0.0,0.0,0.0,0.0,0.0,0.0,0.0,0.0,0.0,0.0,0.0,0.0,0.0,166.9
5,DeAndre Hopkins,ARI,WR,96.6,1197.1,7.6,0.5,0.5,2.5,0.0,0.0,0.0,0.0,0.0,0.0,0.0,0.0,0.0,0.0,0.0,0.0,0.0,0.0,0.0,0.0,164.7
18,Melvin Gordon,DEN,RB,42.2,341.0,1.6,1.4,202.9,816.2,7.0,0.0,0.0,0.0,0.0,0.0,0.0,0.0,0.0,0.0,0.0,0.0,0.0,0.0,0.0,0.0,164.6
6,Kenny Golladay,DET,WR,73.5,1167.9,7.9,0.5,0.3,1.7,0.0,0.0,0.0,0.0,0.0,0.0,0.0,0.0,0.0,0.0,0.0,0.0,0.0,0.0,0.0,0.0,163.3
0,Travis Kelce,KC,TE,94.4,1152.4,7.8,0.5,0.0,0.0,0.0,0.0,0.0,0.0,0.0,0.0,0.0,0.0,0.0,0.0,0.0,0.0,0.0,0.0,0.0,0.0,161.1
19,Le'Veon Bell,NYJ,RB,57.3,437.6,1.6,1.9,210.9,822.4,4.8,0.0,0.0,0.0,0.0,0.0,0.0,0.0,0.0,0.0,0.0,0.0,0.0,0.0,0.0,0.0,160.8
7,Mike Evans,TB,WR,74.3,1162.1,7.4,0.5,1.0,6.7,0.1,0.0,0.0,0.0,0.0,0.0,0.0,0.0,0.0,0.0,0.0,0.0,0.0,0.0,0.0,0.0,160.5
8,D.J. Moore,CAR,WR,85.8,1181.2,5.7,1.0,5.4,49.1,0.1,0.0,0.0,0.0,0.0,0.0,0.0,0.0,0.0,0.0,0.0,0.0,0.0,0.0,0.0,0.0,155.5
9,Robert Woods,LAR,WR,87.7,1103.8,5.1,0.5,13.9,89.6,0.8,0.0,0.0,0.0,0.0,0.0,0.0,0.0,0.0,0.0,0.0,0.0,0.0,0.0,0.0,0.0,154.2
10,Amari Cooper,DAL,WR,77.5,1102.2,7.3,0.5,0.7,4.7,0.0,0.0,0.0,0.0,0.0,0.0,0.0,0.0,0.0,0.0,0.0,0.0,0.0,0.0,0.0,0.0,153.4
11,Cooper Kupp,LAR,WR,85.4,1070.5,7.8,0.5,1.3,5.7,0.0,0.0,0.0,0.0,0.0,0.0,0.0,0.0,0.0,0.0,0.0,0.0,0.0,0.0,0.0,0.0,153.3
12,A.J. Brown,TEN,WR,64.2,1085.1,6.5,0.5,4.5,42.6,0.4,0.0,0.0,0.0,0.0,0.0,0.0,0.0,0.0,0.0,0.0,0.0,0.0,0.0,0.0,0.0,152.9
13,Adam Thielen,MIN,WR,77.6,1064.4,7.1,0.5,3.9,18.8,0.4,0.0,0.0,0.0,0.0,0.0,0.0,0.0,0.0,0.0,0.0,0.0,0.0,0.0,0.0,0.0,152.3
14,Calvin Ridley,ATL,WR,78.6,1059.4,7.5,0.5,1.7,23.0,0.0,0.0,0.0,0.0,0.0,0.0,0.0,0.0,0.0,0.0,0.0,0.0,0.0,0.0,0.0,0.0,152.2
20,Ronald Jones II,TB,RB,31.0,252.3,0.9,1.5,198.7,827.6,6.4,0.0,0.0,0.0,0.0,0.0,0.0,0.0,0.0,0.0,0.0,0.0,0.0,0.0,0.0,0.0,148.6
21,Jonathan Taylor,IND,RB,22.8,196.2,1.1,2.0,204.3,861.8,6.6,0.0,0.0,0.0,0.0,0.0,0.0,0.0,0.0,0.0,0.0,0.0,0.0,0.0,0.0,0.0,148.2
15,Allen Robinson,CHI,WR,87.1,1086.2,6.5,0.5,1.3,8.0,0.1,0.0,0.0,0.0,0.0,0.0,0.0,0.0,0.0,0.0,0.0,0.0,0.0,0.0,0.0,0.0,147.6
22,Mark Ingram II,BAL,RB,24.4,209.5,2.0,1.6,169.7,809.8,6.1,0.0,0.0,0.0,0.0,0.0,0.0,0.0,0.0,0.0,0.0,0.0,0.0,0.0,0.0,0.0,147.3
1,George Kittle,SF,TE,88.6,1088.9,6.5,0.5,0.0,0.0,0.0,0.0,0.0,0.0,0.0,0.0,0.0,0.0,0.0,0.0,0.0,0.0,0.0,0.0,0.0,0.0,146.6
16,Odell Beckham Jr.,CLE,WR,75.6,1075.5,6.4,0.5,2.7,13.2,0.0,0.0,0.0,0.0,0.0,0.0,0.0,0.0,0.0,0.0,0.0,0.0,0.0,0.0,0.0,0.0,146.3
17,Keenan Allen,LAC,WR,85.6,1049.4,6.2,0.5,4.9,34.1,0.1,0.0,0.0,0.0,0.0,0.0,0.0,0.0,0.0,0.0,0.0,0.0,0.0,0.0,0.0,0.0,145.3
23,Devin Singletary,BUF,RB,35.4,283.9,1.5,1.6,170.1,851.1,4.1,0.0,0.0,0.0,0.0,0.0,0.0,0.0,0.0,0.0,0.0,0.0,0.0,0.0,0.0,0.0,143.7
18,DeVante Parker,MIA,WR,72.3,1074.0,6.1,0.5,0.4,2.6,0.0,0.0,0.0,0.0,0.0,0.0,0.0,0.0,0.0,0.0,0.0,0.0,0.0,0.0,0.0,0.0,143.4
19,Tyler Lockett,SEA,WR,68.8,1004.3,6.7,0.5,5.4,28.7,0.1,0.0,0.0,0.0,0.0,0.0,0.0,0.0,0.0,0.0,0.0,0.0,0.0,0.0,0.0,0.0,143.0
30,Tua Tagovailoa,MIA,QB,0.0,0.0,0.0,1.9,23.5,128.8,1.2,314.4,195.6,2311.4,13.3,9.8,0.0,0.0,0.0,0.0,0.0,0.0,0.0,0.0,0.0,0.0,142.2
24,Raheem Mostert,SF,RB,18.5,152.3,1.0,2.2,164.3,821.1,7.1,0.0,0.0,0.0,0.0,0.0,0.0,0.0,0.0,0.0,0.0,0.0,0.0,0.0,0.0,0.0,141.4
20,JuJu Smith-Schuster,PIT,WR,82.9,1056.2,6.1,0.5,0.3,2.7,0.0,0.0,0.0,0.0,0.0,0.0,0.0,0.0,0.0,0.0,0.0,0.0,0.0,0.0,0.0,0.0,141.3
21,Courtland Sutton,DEN,WR,70.9,1045.6,6.1,0.5,0.8,2.9,0.0,0.0,0.0,0.0,0.0,0.0,0.0,0.0,0.0,0.0,0.0,0.0,0.0,0.0,0.0,0.0,140.6
22,Terry McLaurin,WAS,WR,68.7,1034.5,6.3,0.5,0.0,0.0,0.0,0.0,0.0,0.0,0.0,0.0,0.0,0.0,0.0,0.0,0.0,0.0,0.0,0.0,0.0,0.0,140.5
23,Stefon Diggs,BUF,WR,66.2,968.6,6.1,0.5,7.6,58.9,0.1,0.0,0.0,0.0,0.0,0.0,0.0,0.0,0.0,0.0,0.0,0.0,0.0,0.0,0.0,0.0,139.3
25,David Montgomery,CHI,RB,20.2,152.0,0.9,1.9,222.7,859.1,6.0,0.0,0.0,0.0,0.0,0.0,0.0,0.0,0.0,0.0,0.0,0.0,0.0,0.0,0.0,0.0,138.4
24,D.K. Metcalf,SEA,WR,64.3,982.6,6.9,1.5,1.1,6.5,0.0,0.0,0.0,0.0,0.0,0.0,0.0,0.0,0.0,0.0,0.0,0.0,0.0,0.0,0.0,0.0,137.5
25,T.Y. Hilton,IND,WR,70.9,1034.8,5.8,0.5,0.0,0.0,0.0,0.0,0.0,0.0,0.0,0.0,0.0,0.0,0.0,0.0,0.0,0.0,0.0,0.0,0.0,0.0,137.1
26,Michael Gallup,DAL,WR,62.2,1005.3,6.1,0.5,0.0,0.0,0.0,0.0,0.0,0.0,0.0,0.0,0.0,0.0,0.0,0.0,0.0,0.0,0.0,0.0,0.0,0.0,136.2
27,A.J. Green,CIN,WR,69.4,1006.4,5.9,1.0,0.0,0.7,0.0,0.0,0.0,0.0,0.0,0.0,0.0,0.0,0.0,0.0,0.0,0.0,0.0,0.0,0.0,0.0,134.2
28,Jarvis Landry,CLE,WR,72.4,965.8,5.5,0.5,0.7,12.7,0.3,0.0,0.0,0.0,0.0,0.0,0.0,0.0,0.0,0.0,0.0,0.0,0.0,0.0,0.0,0.0,131.9
29,D.J. Chark,JAC,WR,70.6,958.9,6.0,0.5,1.0,8.7,0.0,0.0,0.0,0.0,0.0,0.0,0.0,0.0,0.0,0.0,0.0,0.0,0.0,0.0,0.0,0.0,131.5
0,Harrison Butker,KC,K,0.0,0.0,0.0,0.0,0.0,0.0,0.0,0.0,0.0,0.0,0.0,0.0,28.1,33.6,46.6,0.0,0.0,0.0,0.0,0.0,0.0,0.0,130.9
1,Wil Lutz,NO,K,0.0,0.0,0.0,0.0,0.0,0.0,0.0,0.0,0.0,0.0,0.0,0.0,27.8,32.9,46.9,0.0,0.0,0.0,0.0,0.0,0.0,0.0,130.3
30,Marquise Brown,BAL,WR,63.6,844.2,6.4,0.5,6.3,60.0,0.3,0.0,0.0,0.0,0.0,0.0,0.0,0.0,0.0,0.0,0.0,0.0,0.0,0.0,0.0,0.0,129.7
26,Cam Akers,LAR,RB,30.2,241.3,1.1,1.9,180.5,684.8,5.6,0.0,0.0,0.0,0.0,0.0,0.0,0.0,0.0,0.0,0.0,0.0,0.0,0.0,0.0,0.0,128.7
2,Justin Tucker,BAL,K,0.0,0.0,0.0,0.0,0.0,0.0,0.0,0.0,0.0,0.0,0.0,0.0,26.4,30.4,47.6,0.0,0.0,0.0,0.0,0.0,0.0,0.0,127.0
27,Kareem Hunt,CLE,RB,47.5,411.9,2.3,1.0,115.8,484.5,4.2,0.0,0.0,0.0,0.0,0.0,0.0,0.0,0.0,0.0,0.0,0.0,0.0,0.0,0.0,0.0,126.7
2,Zach Ertz,PHI,TE,84.6,882.7,6.5,0.5,0.0,0.0,0.0,0.0,0.0,0.0,0.0,0.0,0.0,0.0,0.0,0.0,0.0,0.0,0.0,0.0,0.0,0.0,126.5
3,Mark Andrews,BAL,TE,61.5,820.3,7.5,0.5,0.0,0.0,0.0,0.0,0.0,0.0,0.0,0.0,0.0,0.0,0.0,0.0,0.0,0.0,0.0,0.0,0.0,0.0,126.3
31,Tyler Boyd,CIN,WR,75.2,933.1,5.3,0.5,1.7,8.8,0.0,0.0,0.0,0.0,0.0,0.0,0.0,0.0,0.0,0.0,0.0,0.0,0.0,0.0,0.0,0.0,125.2
31,Nick Foles,CHI,QB,0.0,0.0,0.0,1.4,14.7,43.9,0.4,276.9,182.1,2101.0,13.0,7.5,0.0,0.0,0.0,0.0,0.0,0.0,0.0,0.0,0.0,0.0,124.9
32,Julian Edelman,NE,WR,76.7,901.2,5.0,0.5,9.2,54.4,0.1,0.0,0.0,0.0,0.0,0.0,0.0,0.0,0.0,0.0,0.0,0.0,0.0,0.0,0.0,0.0,124.8
32,Mitch Trubisky,CHI,QB,0.0,0.0,0.0,0.7,24.7,125.7,1.2,280.0,179.9,1850.9,11.5,6.9,0.0,0.0,0.0,0.0,0.0,0.0,0.0,0.0,0.0,0.0,124.5
33,Ryan Fitzpatrick,MIA,QB,0.0,0.0,0.0,0.7,26.0,117.6,1.2,286.8,179.9,1934.1,11.6,8.6,0.0,0.0,0.0,0.0,0.0,0.0,0.0,0.0,0.0,0.0,124.2
28,Marlon Mack,IND,RB,13.6,93.0,0.5,1.2,176.4,781.3,6.0,0.0,0.0,0.0,0.0,0.0,0.0,0.0,0.0,0.0,0.0,0.0,0.0,0.0,0.0,0.0,123.9
29,D'Andre Swift,DET,RB,33.7,294.2,1.4,1.7,168.9,650.9,4.0,0.0,0.0,0.0,0.0,0.0,0.0,0.0,0.0,0.0,0.0,0.0,0.0,0.0,0.0,0.0,123.4
0,Pittsburgh Steelers,Pittsburgh Steelers,DST,0.0,0.0,0.0,0.0,0.0,0.0,0.0,0.0,0.0,0.0,0.0,0.0,0.0,0.0,0.0,48.6,14.8,13.3,26.0,2.8,0.9,321.5,123.3
33,Marvin Jones,DET,WR,64.0,856.2,6.4,0.5,0.8,0.9,0.0,0.0,0.0,0.0,0.0,0.0,0.0,0.0,0.0,0.0,0.0,0.0,0.0,0.0,0.0,0.0,123.0
30,Kerryon Johnson,DET,RB,27.0,222.0,1.0,1.8,154.6,678.2,5.0,0.0,0.0,0.0,0.0,0.0,0.0,0.0,0.0,0.0,0.0,0.0,0.0,0.0,0.0,0.0,122.6
3,Robbie Gould,SF,K,0.0,0.0,0.0,0.0,0.0,0.0,0.0,0.0,0.0,0.0,0.0,0.0,26.8,31.6,41.8,0.0,0.0,0.0,0.0,0.0,0.0,0.0,122.0
4,Greg Zuerlein,DAL,K,0.0,0.0,0.0,0.0,0.0,0.0,0.0,0.0,0.0,0.0,0.0,0.0,25.9,31.8,43.5,0.0,0.0,0.0,0.0,0.0,0.0,0.0,121.1
34,Jamison Crowder,NYJ,WR,73.5,849.5,5.7,0.5,1.0,6.3,0.0,0.0,0.0,0.0,0.0,0.0,0.0,0.0,0.0,0.0,0.0,0.0,0.0,0.0,0.0,0.0,118.9
1,San Francisco 49ers,San Francisco 49ers,DST,0.0,0.0,0.0,0.0,0.0,0.0,0.0,0.0,0.0,0.0,0.0,0.0,0.0,0.0,0.0,46.4,14.3,12.4,24.0,3.0,0.2,321.4,118.4
35,Will Fuller,HOU,WR,61.8,853.2,5.2,0.5,2.7,18.0,0.1,0.0,0.0,0.0,0.0,0.0,0.0,0.0,0.0,0.0,0.0,0.0,0.0,0.0,0.0,0.0,117.9
2,Los Angeles Rams,Los Angeles Rams,DST,0.0,0.0,0.0,0.0,0.0,0.0,0.0,0.0,0.0,0.0,0.0,0.0,0.0,0.0,0.0,45.6,14.2,11.8,22.0,3.2,0.5,350.4,117.6
36,Diontae Johnson,PIT,WR,67.4,814.7,5.7,1.0,3.6,28.9,0.0,0.0,0.0,0.0,0.0,0.0,0.0,0.0,0.0,0.0,0.0,0.0,0.0,0.0,0.0,0.0,116.9
31,Ryquell Armstead,JAC,RB,23.8,216.5,1.6,1.4,159.9,653.0,3.8,0.0,0.0,0.0,0.0,0.0,0.0,0.0,0.0,0.0,0.0,0.0,0.0,0.0,0.0,0.0,116.7
37,Brandin Cooks,HOU,WR,60.4,849.3,4.5,0.5,5.2,38.7,0.1,0.0,0.0,0.0,0.0,0.0,0.0,0.0,0.0,0.0,0.0,0.0,0.0,0.0,0.0,0.0,115.7
5,Jason Myers,SEA,K,0.0,0.0,0.0,0.0,0.0,0.0,0.0,0.0,0.0,0.0,0.0,0.0,25.6,30.2,38.8,0.0,0.0,0.0,0.0,0.0,0.0,0.0,115.6
4,Darren Waller,LV,TE,74.5,884.7,4.6,0.5,0.0,0.0,0.0,0.0,0.0,0.0,0.0,0.0,0.0,0.0,0.0,0.0,0.0,0.0,0.0,0.0,0.0,0.0,115.3
3,New England Patriots,New England Patriots,DST,0.0,0.0,0.0,0.0,0.0,0.0,0.0,0.0,0.0,0.0,0.0,0.0,0.0,0.0,0.0,41.8,15.8,10.9,19.0,3.0,0.8,318.0,115.0
6,Dan Bailey,MIN,K,0.0,0.0,0.0,0.0,0.0,0.0,0.0,0.0,0.0,0.0,0.0,0.0,25.3,30.1,37.8,0.0,0.0,0.0,0.0,0.0,0.0,0.0,113.6
32,Phillip Lindsay,DEN,RB,31.6,214.7,0.8,1.0,142.1,630.5,4.3,0.0,0.0,0.0,0.0,0.0,0.0,0.0,0.0,0.0,0.0,0.0,0.0,0.0,0.0,0.0,113.1
38,Christian Kirk,ARI,WR,69.2,800.7,4.8,0.5,5.7,48.0,0.0,0.0,0.0,0.0,0.0,0.0,0.0,0.0,0.0,0.0,0.0,0.0,0.0,0.0,0.0,0.0,112.7
7,Matt Prater,DET,K,0.0,0.0,0.0,0.0,0.0,0.0,0.0,0.0,0.0,0.0,0.0,0.0,25.5,31.1,36.1,0.0,0.0,0.0,0.0,0.0,0.0,0.0,112.7
33,Jordan Howard,MIA,RB,15.8,111.5,0.5,1.2,170.5,674.9,5.5,0.0,0.0,0.0,0.0,0.0,0.0,0.0,0.0,0.0,0.0,0.0,0.0,0.0,0.0,0.0,112.6
39,John Brown,BUF,WR,53.0,795.1,5.4,0.5,2.6,13.1,0.1,0.0,0.0,0.0,0.0,0.0,0.0,0.0,0.0,0.0,0.0,0.0,0.0,0.0,0.0,0.0,112.5
9,Younghoe Koo,ATL,K,0.0,0.0,0.0,0.0,0.0,0.0,0.0,0.0,0.0,0.0,0.0,0.0,25.1,30.0,36.6,0.0,0.0,0.0,0.0,0.0,0.0,0.0,112.0
8,Austin Seibert,CLE,K,0.0,0.0,0.0,0.0,0.0,0.0,0.0,0.0,0.0,0.0,0.0,0.0,26.2,30.9,33.4,0.0,0.0,0.0,0.0,0.0,0.0,0.0,112.0
10,Jake Elliott,PHI,K,0.0,0.0,0.0,0.0,0.0,0.0,0.0,0.0,0.0,0.0,0.0,0.0,25.4,29.4,35.7,0.0,0.0,0.0,0.0,0.0,0.0,0.0,111.8
11,Zane Gonzalez,ARI,K,0.0,0.0,0.0,0.0,0.0,0.0,0.0,0.0,0.0,0.0,0.0,0.0,25.3,31.8,35.1,0.0,0.0,0.0,0.0,0.0,0.0,0.0,111.1
40,Preston Williams,MIA,WR,61.1,813.7,5.2,1.0,0.7,3.6,0.0,0.0,0.0,0.0,0.0,0.0,0.0,0.0,0.0,0.0,0.0,0.0,0.0,0.0,0.0,0.0,111.1
12,Chase McLaughlin,IND,K,0.0,0.0,0.0,0.0,0.0,0.0,0.0,0.0,0.0,0.0,0.0,0.0,24.2,28.4,38.3,0.0,0.0,0.0,0.0,0.0,0.0,0.0,110.8
13,Chris Boswell,PIT,K,0.0,0.0,0.0,0.0,0.0,0.0,0.0,0.0,0.0,0.0,0.0,0.0,25.5,30.7,34.0,0.0,0.0,0.0,0.0,0.0,0.0,0.0,110.7
41,Sterling Shepard,NYG,WR,68.5,798.3,4.7,0.5,4.3,35.5,0.0,0.0,0.0,0.0,0.0,0.0,0.0,0.0,0.0,0.0,0.0,0.0,0.0,0.0,0.0,0.0,110.7
4,Baltimore Ravens,Baltimore Ravens,DST,0.0,0.0,0.0,0.0,0.0,0.0,0.0,0.0,0.0,0.0,0.0,0.0,0.0,0.0,0.0,39.5,14.7,10.6,21.0,3.3,0.5,301.7,110.5
5,Minnesota Vikings,Minnesota Vikings,DST,0.0,0.0,0.0,0.0,0.0,0.0,0.0,0.0,0.0,0.0,0.0,0.0,0.0,0.0,0.0,44.3,13.6,11.3,22.0,2.4,0.9,335.0,110.4
42,Deebo Samuel,SF,WR,53.0,703.2,4.0,0.5,9.7,107.3,1.0,0.0,0.0,0.0,0.0,0.0,0.0,0.0,0.0,0.0,0.0,0.0,0.0,0.0,0.0,0.0,110.3
15,Mason Crosby,GB,K,0.0,0.0,0.0,0.0,0.0,0.0,0.0,0.0,0.0,0.0,0.0,0.0,23.3,27.3,40.1,0.0,0.0,0.0,0.0,0.0,0.0,0.0,110.1
14,Ka'imi Fairbairn,HOU,K,0.0,0.0,0.0,0.0,0.0,0.0,0.0,0.0,0.0,0.0,0.0,0.0,24.6,30.1,36.2,0.0,0.0,0.0,0.0,0.0,0.0,0.0,110.1
16,Brandon McManus,DEN,K,0.0,0.0,0.0,0.0,0.0,0.0,0.0,0.0,0.0,0.0,0.0,0.0,25.3,30.8,34.0,0.0,0.0,0.0,0.0,0.0,0.0,0.0,109.9
6,Kansas City Chiefs,Kansas City Chiefs,DST,0.0,0.0,0.0,0.0,0.0,0.0,0.0,0.0,0.0,0.0,0.0,0.0,0.0,0.0,0.0,41.5,15.2,9.6,15.0,3.0,0.2,333.9,109.3
43,Golden Tate,NYG,WR,64.7,784.6,5.1,0.5,1.6,12.4,0.0,0.0,0.0,0.0,0.0,0.0,0.0,0.0,0.0,0.0,0.0,0.0,0.0,0.0,0.0,0.0,109.1
7,Philadelphia Eagles,Philadelphia Eagles,DST,0.0,0.0,0.0,0.0,0.0,0.0,0.0,0.0,0.0,0.0,0.0,0.0,0.0,0.0,0.0,40.2,14.6,10.7,15.0,2.9,0.5,360.4,109.0
44,Breshad Perriman,NYJ,WR,46.2,769.3,5.2,0.0,2.0,7.7,0.0,0.0,0.0,0.0,0.0,0.0,0.0,0.0,0.0,0.0,0.0,0.0,0.0,0.0,0.0,0.0,108.7
17,Michael Badgley,LAC,K,0.0,0.0,0.0,0.0,0.0,0.0,0.0,0.0,0.0,0.0,0.0,0.0,24.4,27.3,35.2,0.0,0.0,0.0,0.0,0.0,0.0,0.0,108.4
45,Darius Slayton,NYG,WR,50.5,746.5,5.8,0.5,0.0,0.0,0.0,0.0,0.0,0.0,0.0,0.0,0.0,0.0,0.0,0.0,0.0,0.0,0.0,0.0,0.0,0.0,108.2
8,New Orleans Saints,New Orleans Saints,DST,0.0,0.0,0.0,0.0,0.0,0.0,0.0,0.0,0.0,0.0,0.0,0.0,0.0,0.0,0.0,43.2,12.6,11.3,20.0,2.7,0.5,353.9,108.1
18,Greg Joseph,TEN,K,0.0,0.0,0.0,0.0,0.0,0.0,0.0,0.0,0.0,0.0,0.0,0.0,23.8,27.6,36.5,0.0,0.0,0.0,0.0,0.0,0.0,0.0,107.8
46,DeSean Jackson,PHI,WR,50.4,746.8,4.8,0.5,4.3,24.5,0.4,0.0,0.0,0.0,0.0,0.0,0.0,0.0,0.0,0.0,0.0,0.0,0.0,0.0,0.0,0.0,107.7
19,Jason Sanders,MIA,K,0.0,0.0,0.0,0.0,0.0,0.0,0.0,0.0,0.0,0.0,0.0,0.0,24.2,28.8,34.9,0.0,0.0,0.0,0.0,0.0,0.0,0.0,107.6
21,Randy Bullock,CIN,K,0.0,0.0,0.0,0.0,0.0,0.0,0.0,0.0,0.0,0.0,0.0,0.0,25.3,28.1,30.6,0.0,0.0,0.0,0.0,0.0,0.0,0.0,106.5
20,Josh Lambo,JAC,K,0.0,0.0,0.0,0.0,0.0,0.0,0.0,0.0,0.0,0.0,0.0,0.0,24.7,27.7,32.5,0.0,0.0,0.0,0.0,0.0,0.0,0.0,106.5
9,Buffalo Bills,Buffalo Bills,DST,0.0,0.0,0.0,0.0,0.0,0.0,0.0,0.0,0.0,0.0,0.0,0.0,0.0,0.0,0.0,40.4,14.1,10.3,16.0,2.7,0.5,305.3,106.3
34,Matt Breida,MIA,RB,32.8,242.1,1.5,1.5,140.1,577.7,3.0,0.0,0.0,0.0,0.0,0.0,0.0,0.0,0.0,0.0,0.0,0.0,0.0,0.0,0.0,0.0,106.2
47,Henry Ruggs III,LV,WR,54.7,764.8,4.8,1.0,3.6,24.6,0.1,0.0,0.0,0.0,0.0,0.0,0.0,0.0,0.0,0.0,0.0,0.0,0.0,0.0,0.0,0.0,105.9
48,Mike Williams,LAC,WR,44.1,738.4,4.6,0.0,3.5,18.7,0.4,0.0,0.0,0.0,0.0,0.0,0.0,0.0,0.0,0.0,0.0,0.0,0.0,0.0,0.0,0.0,105.8
10,Tampa Bay Buccaneers,Tampa Bay Buccaneers,DST,0.0,0.0,0.0,0.0,0.0,0.0,0.0,0.0,0.0,0.0,0.0,0.0,0.0,0.0,0.0,39.0,13.0,11.4,24.0,2.9,0.2,381.9,105.6
35,James White,NE,RB,61.3,526.7,3.8,0.5,53.2,213.1,1.6,0.0,0.0,0.0,0.0,0.0,0.0,0.0,0.0,0.0,0.0,0.0,0.0,0.0,0.0,0.0,105.6
11,Indianapolis Colts,Indianapolis Colts,DST,0.0,0.0,0.0,0.0,0.0,0.0,0.0,0.0,0.0,0.0,0.0,0.0,0.0,0.0,0.0,42.5,13.4,10.2,17.0,2.3,0.9,361.3,105.3
49,CeeDee Lamb,DAL,WR,54.2,783.9,4.7,1.0,0.7,4.3,0.0,0.0,0.0,0.0,0.0,0.0,0.0,0.0,0.0,0.0,0.0,0.0,0.0,0.0,0.0,0.0,104.8
50,Anthony Miller,CHI,WR,59.3,749.8,4.8,0.5,2.8,15.3,0.1,0.0,0.0,0.0,0.0,0.0,0.0,0.0,0.0,0.0,0.0,0.0,0.0,0.0,0.0,0.0,104.7
22,Tyler Bass,BUF,K,0.0,0.0,0.0,0.0,0.0,0.0,0.0,0.0,0.0,0.0,0.0,0.0,24.5,30.9,30.9,0.0,0.0,0.0,0.0,0.0,0.0,0.0,104.4
36,Tevin Coleman,SF,RB,16.9,136.7,0.8,1.0,146.0,600.2,4.6,0.0,0.0,0.0,0.0,0.0,0.0,0.0,0.0,0.0,0.0,0.0,0.0,0.0,0.0,0.0,104.4
37,Tarik Cohen,CHI,RB,66.7,481.0,2.7,1.4,85.0,316.4,1.9,0.0,0.0,0.0,0.0,0.0,0.0,0.0,0.0,0.0,0.0,0.0,0.0,0.0,0.0,0.0,104.3
12,Green Bay Packers,Green Bay Packers,DST,0.0,0.0,0.0,0.0,0.0,0.0,0.0,0.0,0.0,0.0,0.0,0.0,0.0,0.0,0.0,40.7,14.8,9.5,15.0,2.3,0.5,356.9,104.2
13,Seattle Seahawks,Seattle Seahawks,DST,0.0,0.0,0.0,0.0,0.0,0.0,0.0,0.0,0.0,0.0,0.0,0.0,0.0,0.0,0.0,35.2,13.8,12.4,24.0,2.7,0.2,370.3,104.1
5,Evan Engram,NYG,TE,65.1,749.5,5.0,0.5,0.0,0.0,0.0,0.0,0.0,0.0,0.0,0.0,0.0,0.0,0.0,0.0,0.0,0.0,0.0,0.0,0.0,0.0,104.0
23,Joey Slye,CAR,K,0.0,0.0,0.0,0.0,0.0,0.0,0.0,0.0,0.0,0.0,0.0,0.0,24.3,29.2,31.1,0.0,0.0,0.0,0.0,0.0,0.0,0.0,103.9
14,Cleveland Browns,Cleveland Browns,DST,0.0,0.0,0.0,0.0,0.0,0.0,0.0,0.0,0.0,0.0,0.0,0.0,0.0,0.0,0.0,40.0,14.3,10.2,16.0,2.2,0.5,374.1,103.5
38,J.K. Dobbins,BAL,RB,15.8,124.0,0.7,1.8,156.2,646.5,4.3,0.0,0.0,0.0,0.0,0.0,0.0,0.0,0.0,0.0,0.0,0.0,0.0,0.0,0.0,0.0,103.4
24,Daniel Carlson,LV,K,0.0,0.0,0.0,0.0,0.0,0.0,0.0,0.0,0.0,0.0,0.0,0.0,22.4,28.0,35.5,0.0,0.0,0.0,0.0,0.0,0.0,0.0,102.7
15,Denver Broncos,Denver Broncos,DST,0.0,0.0,0.0,0.0,0.0,0.0,0.0,0.0,0.0,0.0,0.0,0.0,0.0,0.0,0.0,39.8,13.1,9.7,16.0,2.6,0.5,348.8,102.1
16,Carolina Panthers,Carolina Panthers,DST,0.0,0.0,0.0,0.0,0.0,0.0,0.0,0.0,0.0,0.0,0.0,0.0,0.0,0.0,0.0,43.9,12.3,9.6,16.0,2.1,0.8,416.3,101.9
17,Washington Football Team,Washington Football Team,DST,0.0,0.0,0.0,0.0,0.0,0.0,0.0,0.0,0.0,0.0,0.0,0.0,0.0,0.0,0.0,43.0,12.2,10.5,18.0,2.2,0.2,397.8,101.9
6,Hunter Henry,LAC,TE,60.4,710.4,5.2,0.5,0.0,0.0,0.0,0.0,0.0,0.0,0.0,0.0,0.0,0.0,0.0,0.0,0.0,0.0,0.0,0.0,0.0,0.0,101.5
39,Zack Moss,BUF,RB,17.7,144.2,0.6,1.9,145.7,622.2,4.0,0.0,0.0,0.0,0.0,0.0,0.0,0.0,0.0,0.0,0.0,0.0,0.0,0.0,0.0,0.0,100.8
51,Sammy Watkins,KC,WR,53.4,735.3,4.5,0.5,1.9,15.5,0.0,0.0,0.0,0.0,0.0,0.0,0.0,0.0,0.0,0.0,0.0,0.0,0.0,0.0,0.0,0.0,100.8
18,Dallas Cowboys,Dallas Cowboys,DST,0.0,0.0,0.0,0.0,0.0,0.0,0.0,0.0,0.0,0.0,0.0,0.0,0.0,0.0,0.0,40.3,11.8,11.3,21.0,2.3,0.2,342.4,100.7
25,Matt Gay,TB,K,0.0,0.0,0.0,0.0,0.0,0.0,0.0,0.0,0.0,0.0,0.0,0.0,22.9,29.5,31.0,0.0,0.0,0.0,0.0,0.0,0.0,0.0,99.5
40,Adrian Peterson,WAS,RB,15.0,122.3,0.3,1.4,147.3,640.8,4.0,0.0,0.0,0.0,0.0,0.0,0.0,0.0,0.0,0.0,0.0,0.0,0.0,0.0,0.0,0.0,99.0
52,Emmanuel Sanders,NO,WR,58.0,715.6,4.6,0.5,0.7,7.3,0.0,0.0,0.0,0.0,0.0,0.0,0.0,0.0,0.0,0.0,0.0,0.0,0.0,0.0,0.0,0.0,99.0
41,Sony Michel,NE,RB,11.9,85.7,0.3,1.4,144.4,653.6,4.4,0.0,0.0,0.0,0.0,0.0,0.0,0.0,0.0,0.0,0.0,0.0,0.0,0.0,0.0,0.0,98.9
19,Tennessee Titans,Tennessee Titans,DST,0.0,0.0,0.0,0.0,0.0,0.0,0.0,0.0,0.0,0.0,0.0,0.0,0.0,0.0,0.0,37.5,13.3,9.6,16.0,2.5,0.2,331.4,98.8
20,Houston Texans,Houston Texans,DST,0.0,0.0,0.0,0.0,0.0,0.0,0.0,0.0,0.0,0.0,0.0,0.0,0.0,0.0,0.0,33.7,12.9,11.2,20.0,2.7,0.2,375.3,98.5
21,Jacksonville Jaguars,Jacksonville Jaguars,DST,0.0,0.0,0.0,0.0,0.0,0.0,0.0,0.0,0.0,0.0,0.0,0.0,0.0,0.0,0.0,39.5,11.8,10.0,18.0,2.4,0.5,409.3,98.3
22,New York Jets,New York Jets,DST,0.0,0.0,0.0,0.0,0.0,0.0,0.0,0.0,0.0,0.0,0.0,0.0,0.0,0.0,0.0,34.7,13.3,9.7,16.0,2.7,0.6,376.7,98.1
7,Jared Cook,NO,TE,48.5,649.0,5.5,0.0,0.0,0.0,0.0,0.0,0.0,0.0,0.0,0.0,0.0,0.0,0.0,0.0,0.0,0.0,0.0,0.0,0.0,0.0,97.7
23,Arizona Cardinals,Arizona Cardinals,DST,0.0,0.0,0.0,0.0,0.0,0.0,0.0,0.0,0.0,0.0,0.0,0.0,0.0,0.0,0.0,40.4,10.7,10.4,18.0,2.5,0.2,395.8,97.7
8,Tyler Higbee,LAR,TE,63.2,714.6,4.5,0.5,0.0,0.0,0.0,0.0,0.0,0.0,0.0,0.0,0.0,0.0,0.0,0.0,0.0,0.0,0.0,0.0,0.0,0.0,97.5
42,Latavius Murray,NO,RB,21.4,148.2,0.5,1.0,135.7,538.0,4.6,0.0,0.0,0.0,0.0,0.0,0.0,0.0,0.0,0.0,0.0,0.0,0.0,0.0,0.0,0.0,97.4
26,Dustin Hopkins,WAS,K,0.0,0.0,0.0,0.0,0.0,0.0,0.0,0.0,0.0,0.0,0.0,0.0,23.0,27.3,28.2,0.0,0.0,0.0,0.0,0.0,0.0,0.0,97.3
24,Chicago Bears,Chicago Bears,DST,0.0,0.0,0.0,0.0,0.0,0.0,0.0,0.0,0.0,0.0,0.0,0.0,0.0,0.0,0.0,35.2,12.6,10.7,18.0,2.3,0.5,330.8,96.6
53,Robby Anderson,CAR,WR,49.8,719.5,4.2,0.5,1.0,1.8,0.0,0.0,0.0,0.0,0.0,0.0,0.0,0.0,0.0,0.0,0.0,0.0,0.0,0.0,0.0,0.0,96.6
27,Graham Gano,NYG,K,0.0,0.0,0.0,0.0,0.0,0.0,0.0,0.0,0.0,0.0,0.0,0.0,21.8,25.8,30.8,0.0,0.0,0.0,0.0,0.0,0.0,0.0,96.2
28,Sam Ficken,NYJ,K,0.0,0.0,0.0,0.0,0.0,0.0,0.0,0.0,0.0,0.0,0.0,0.0,22.1,28.6,29.8,0.0,0.0,0.0,0.0,0.0,0.0,0.0,96.0
25,New York Giants,New York Giants,DST,0.0,0.0,0.0,0.0,0.0,0.0,0.0,0.0,0.0,0.0,0.0,0.0,0.0,0.0,0.0,36.0,13.2,9.0,13.0,2.4,0.5,411.6,95.9
54,Jalen Reagor,PHI,WR,52.8,700.8,4.4,1.0,1.8,10.8,0.1,0.0,0.0,0.0,0.0,0.0,0.0,0.0,0.0,0.0,0.0,0.0,0.0,0.0,0.0,0.0,95.9
26,Cincinnati Bengals,Cincinnati Bengals,DST,0.0,0.0,0.0,0.0,0.0,0.0,0.0,0.0,0.0,0.0,0.0,0.0,0.0,0.0,0.0,36.1,13.3,8.6,14.0,2.4,0.5,417.3,95.1
55,Jerry Jeudy,DEN,WR,52.9,722.6,4.1,1.0,0.7,2.7,0.0,0.0,0.0,0.0,0.0,0.0,0.0,0.0,0.0,0.0,0.0,0.0,0.0,0.0,0.0,0.0,95.0
56,Hunter Renfrow,LV,WR,55.4,680.9,4.6,0.5,0.0,0.0,0.0,0.0,0.0,0.0,0.0,0.0,0.0,0.0,0.0,0.0,0.0,0.0,0.0,0.0,0.0,0.0,94.8
43,Duke Johnson,HOU,RB,39.7,353.1,2.2,0.7,85.1,366.2,1.9,0.0,0.0,0.0,0.0,0.0,0.0,0.0,0.0,0.0,0.0,0.0,0.0,0.0,0.0,0.0,94.8
57,Curtis Samuel,CAR,WR,44.8,535.8,4.0,0.5,15.6,113.9,1.1,0.0,0.0,0.0,0.0,0.0,0.0,0.0,0.0,0.0,0.0,0.0,0.0,0.0,0.0,0.0,94.5
34,Justin Herbert,LAC,QB,0.0,0.0,0.0,0.4,20.9,143.7,1.1,163.2,98.5,1325.1,8.1,5.7,0.0,0.0,0.0,0.0,0.0,0.0,0.0,0.0,0.0,0.0,94.3
27,Las Vegas Raiders,Las Vegas Raiders,DST,0.0,0.0,0.0,0.0,0.0,0.0,0.0,0.0,0.0,0.0,0.0,0.0,0.0,0.0,0.0,35.4,12.8,8.6,12.0,2.5,0.5,404.5,94.0
58,Justin Jefferson,MIN,WR,49.9,699.5,4.0,0.5,1.4,8.9,0.1,0.0,0.0,0.0,0.0,0.0,0.0,0.0,0.0,0.0,0.0,0.0,0.0,0.0,0.0,0.0,94.0
29,Eddy Pineiro,CHI,K,0.0,0.0,0.0,0.0,0.0,0.0,0.0,0.0,0.0,0.0,0.0,0.0,21.9,25.6,27.8,0.0,0.0,0.0,0.0,0.0,0.0,0.0,93.5
59,Allen Lazard,GB,WR,50.9,694.1,3.9,0.5,1.0,12.1,0.0,0.0,0.0,0.0,0.0,0.0,0.0,0.0,0.0,0.0,0.0,0.0,0.0,0.0,0.0,0.0,92.9
9,Rob Gronkowski,TB,TE,47.1,658.0,4.6,0.5,0.0,0.0,0.0,0.0,0.0,0.0,0.0,0.0,0.0,0.0,0.0,0.0,0.0,0.0,0.0,0.0,0.0,0.0,92.3
10,Noah Fant,DEN,TE,51.1,654.1,4.5,0.5,0.0,0.0,0.0,0.0,0.0,0.0,0.0,0.0,0.0,0.0,0.0,0.0,0.0,0.0,0.0,0.0,0.0,0.0,91.6
11,Hayden Hurst,ATL,TE,57.2,650.8,4.5,0.5,0.0,0.0,0.0,0.0,0.0,0.0,0.0,0.0,0.0,0.0,0.0,0.0,0.0,0.0,0.0,0.0,0.0,0.0,91.0
44,Antonio Gibson,WAS,RB,38.5,301.9,1.5,1.2,97.5,389.7,2.5,0.0,0.0,0.0,0.0,0.0,0.0,0.0,0.0,0.0,0.0,0.0,0.0,0.0,0.0,0.0,90.9
29,Los Angeles Chargers,Los Angeles Chargers,DST,0.0,0.0,0.0,0.0,0.0,0.0,0.0,0.0,0.0,0.0,0.0,0.0,0.0,0.0,0.0,35.0,12.4,8.4,11.0,2.3,0.2,365.9,90.8
28,Detroit Lions,Detroit Lions,DST,0.0,0.0,0.0,0.0,0.0,0.0,0.0,0.0,0.0,0.0,0.0,0.0,0.0,0.0,0.0,33.5,11.3,10.3,18.0,2.3,0.2,381.8,90.8
30,Atlanta Falcons,Atlanta Falcons,DST,0.0,0.0,0.0,0.0,0.0,0.0,0.0,0.0,0.0,0.0,0.0,0.0,0.0,0.0,0.0,32.0,12.6,8.6,15.0,2.5,0.2,399.6,89.8
60,Steven Sims,WAS,WR,48.0,552.5,4.3,0.5,8.9,67.6,0.5,0.0,0.0,0.0,0.0,0.0,0.0,0.0,0.0,0.0,0.0,0.0,0.0,0.0,0.0,0.0,89.8
61,Cole Beasley,BUF,WR,55.0,657.8,4.1,0.5,0.0,0.0,0.0,0.0,0.0,0.0,0.0,0.0,0.0,0.0,0.0,0.0,0.0,0.0,0.0,0.0,0.0,0.0,89.4
30,Sam Sloman,LAR,K,0.0,0.0,0.0,0.0,0.0,0.0,0.0,0.0,0.0,0.0,0.0,0.0,20.4,23.5,27.6,0.0,0.0,0.0,0.0,0.0,0.0,0.0,88.9
12,Austin Hooper,CLE,TE,56.1,629.2,4.4,0.5,0.0,0.0,0.0,0.0,0.0,0.0,0.0,0.0,0.0,0.0,0.0,0.0,0.0,0.0,0.0,0.0,0.0,0.0,88.4
62,Corey Davis,TEN,WR,47.3,659.0,3.7,0.5,1.5,12.7,0.0,0.0,0.0,0.0,0.0,0.0,0.0,0.0,0.0,0.0,0.0,0.0,0.0,0.0,0.0,0.0,88.4
63,N'Keal Harry,NE,WR,46.3,589.4,4.3,0.5,4.9,35.2,0.1,0.0,0.0,0.0,0.0,0.0,0.0,0.0,0.0,0.0,0.0,0.0,0.0,0.0,0.0,0.0,87.7
64,Mecole Hardman,KC,WR,35.6,560.1,4.7,1.0,7.1,40.2,0.2,0.0,0.0,0.0,0.0,0.0,0.0,0.0,0.0,0.0,0.0,0.0,0.0,0.0,0.0,0.0,87.4
65,Michael Pittman Jr.,IND,WR,47.6,646.8,3.9,0.5,1.0,4.3,0.0,0.0,0.0,0.0,0.0,0.0,0.0,0.0,0.0,0.0,0.0,0.0,0.0,0.0,0.0,0.0,87.3
13,Mike Gesicki,MIA,TE,58.0,632.7,4.3,1.0,0.0,0.0,0.0,0.0,0.0,0.0,0.0,0.0,0.0,0.0,0.0,0.0,0.0,0.0,0.0,0.0,0.0,0.0,87.0
31,Miami Dolphins,Miami Dolphins,DST,0.0,0.0,0.0,0.0,0.0,0.0,0.0,0.0,0.0,0.0,0.0,0.0,0.0,0.0,0.0,30.7,13.5,7.6,10.0,2.1,0.5,413.0,86.8
45,Darrell Henderson,LAR,RB,23.0,178.9,0.9,1.3,124.6,479.7,2.8,0.0,0.0,0.0,0.0,0.0,0.0,0.0,0.0,0.0,0.0,0.0,0.0,0.0,0.0,0.0,85.8
14,Chris Herndon IV,NYJ,TE,47.7,573.6,4.6,0.0,0.0,0.0,0.0,0.0,0.0,0.0,0.0,0.0,0.0,0.0,0.0,0.0,0.0,0.0,0.0,0.0,0.0,0.0,84.7
66,Brandon Aiyuk,SF,WR,43.0,598.9,4.0,0.5,1.8,10.5,0.1,0.0,0.0,0.0,0.0,0.0,0.0,0.0,0.0,0.0,0.0,0.0,0.0,0.0,0.0,0.0,84.1
46,Boston Scott,PHI,RB,27.2,219.7,0.4,1.1,98.2,392.5,3.7,0.0,0.0,0.0,0.0,0.0,0.0,0.0,0.0,0.0,0.0,0.0,0.0,0.0,0.0,0.0,84.0
67,Danny Amendola,DET,WR,60.3,652.8,3.1,0.5,0.3,0.0,0.0,0.0,0.0,0.0,0.0,0.0,0.0,0.0,0.0,0.0,0.0,0.0,0.0,0.0,0.0,0.0,83.0
47,Alexander Mattison,MIN,RB,12.5,95.4,0.4,1.4,127.6,542.1,3.2,0.0,0.0,0.0,0.0,0.0,0.0,0.0,0.0,0.0,0.0,0.0,0.0,0.0,0.0,0.0,82.0
48,Ke'Shawn Vaughn,TB,RB,19.1,153.4,0.9,1.0,105.2,424.3,3.3,0.0,0.0,0.0,0.0,0.0,0.0,0.0,0.0,0.0,0.0,0.0,0.0,0.0,0.0,0.0,81.0
15,Jonnu Smith,TEN,TE,46.7,549.9,4.4,0.5,0.0,0.0,0.0,0.0,0.0,0.0,0.0,0.0,0.0,0.0,0.0,0.0,0.0,0.0,0.0,0.0,0.0,0.0,80.7
31,Nick Folk,NE,K,0.0,0.0,0.0,0.0,0.0,0.0,0.0,0.0,0.0,0.0,0.0,0.0,18.0,22.6,26.4,0.0,0.0,0.0,0.0,0.0,0.0,0.0,80.3
16,Dallas Goedert,PHI,TE,52.6,542.6,4.4,0.5,0.0,0.0,0.0,0.0,0.0,0.0,0.0,0.0,0.0,0.0,0.0,0.0,0.0,0.0,0.0,0.0,0.0,0.0,79.7
17,T.J. Hockenson,DET,TE,52.8,597.8,3.4,0.5,0.0,0.0,0.0,0.0,0.0,0.0,0.0,0.0,0.0,0.0,0.0,0.0,0.0,0.0,0.0,0.0,0.0,0.0,79.4
49,Tony Pollard,DAL,RB,23.5,175.5,1.3,1.4,91.6,402.8,2.7,0.0,0.0,0.0,0.0,0.0,0.0,0.0,0.0,0.0,0.0,0.0,0.0,0.0,0.0,0.0,79.1
68,Dede Westbrook,JAC,WR,54.1,582.8,2.9,0.5,3.8,28.8,0.1,0.0,0.0,0.0,0.0,0.0,0.0,0.0,0.0,0.0,0.0,0.0,0.0,0.0,0.0,0.0,77.9
18,Blake Jarwin,DAL,TE,46.1,524.5,4.2,0.0,0.0,0.0,0.0,0.0,0.0,0.0,0.0,0.0,0.0,0.0,0.0,0.0,0.0,0.0,0.0,0.0,0.0,0.0,77.7
50,Jerick McKinnon,SF,RB,21.6,179.0,0.7,1.2,95.3,390.7,2.9,0.0,0.0,0.0,0.0,0.0,0.0,0.0,0.0,0.0,0.0,0.0,0.0,0.0,0.0,0.0,76.2
19,Eric Ebron,PIT,TE,45.6,514.0,4.1,0.0,0.0,0.0,0.0,0.0,0.0,0.0,0.0,0.0,0.0,0.0,0.0,0.0,0.0,0.0,0.0,0.0,0.0,0.0,76.1
69,Larry Fitzgerald,ARI,WR,50.4,562.4,3.4,0.5,0.0,0.0,0.0,0.0,0.0,0.0,0.0,0.0,0.0,0.0,0.0,0.0,0.0,0.0,0.0,0.0,0.0,0.0,75.4
51,Chris Thompson,JAC,RB,47.2,377.3,1.6,0.5,60.3,232.0,1.0,0.0,0.0,0.0,0.0,0.0,0.0,0.0,0.0,0.0,0.0,0.0,0.0,0.0,0.0,0.0,75.4
70,Randall Cobb,HOU,WR,44.3,562.0,2.9,0.5,3.3,20.1,0.1,0.0,0.0,0.0,0.0,0.0,0.0,0.0,0.0,0.0,0.0,0.0,0.0,0.0,0.0,0.0,75.2
20,Jack Doyle,IND,TE,51.7,516.4,4.0,0.5,0.0,0.0,0.0,0.0,0.0,0.0,0.0,0.0,0.0,0.0,0.0,0.0,0.0,0.0,0.0,0.0,0.0,0.0,74.9
71,Josh Reynolds,LAR,WR,37.9,515.3,3.3,0.0,4.3,26.7,0.1,0.0,0.0,0.0,0.0,0.0,0.0,0.0,0.0,0.0,0.0,0.0,0.0,0.0,0.0,0.0,74.6
21,Ian Thomas,CAR,TE,52.0,517.2,3.8,0.5,0.0,0.0,0.0,0.0,0.0,0.0,0.0,0.0,0.0,0.0,0.0,0.0,0.0,0.0,0.0,0.0,0.0,0.0,73.5
72,Alshon Jeffery,PHI,WR,39.9,498.9,3.4,0.0,0.3,0.3,0.3,0.0,0.0,0.0,0.0,0.0,0.0,0.0,0.0,0.0,0.0,0.0,0.0,0.0,0.0,0.0,72.3
73,Chris Conley,JAC,WR,39.6,541.2,3.1,0.5,0.0,0.0,0.0,0.0,0.0,0.0,0.0,0.0,0.0,0.0,0.0,0.0,0.0,0.0,0.0,0.0,0.0,0.0,71.9
52,Chase Edmonds,ARI,RB,18.5,136.3,0.8,0.5,94.3,368.1,2.8,0.0,0.0,0.0,0.0,0.0,0.0,0.0,0.0,0.0,0.0,0.0,0.0,0.0,0.0,0.0,71.0
74,Bryan Edwards,LV,WR,41.3,548.9,2.7,1.0,1.1,6.5,0.0,0.0,0.0,0.0,0.0,0.0,0.0,0.0,0.0,0.0,0.0,0.0,0.0,0.0,0.0,0.0,70.1
53,Justin Jackson,LAC,RB,14.3,100.3,0.2,0.6,94.9,424.2,2.9,0.0,0.0,0.0,0.0,0.0,0.0,0.0,0.0,0.0,0.0,0.0,0.0,0.0,0.0,0.0,70.1
54,Nyheim Hines,IND,RB,40.7,306.7,1.4,0.5,56.6,216.1,1.8,0.0,0.0,0.0,0.0,0.0,0.0,0.0,0.0,0.0,0.0,0.0,0.0,0.0,0.0,0.0,70.0
22,Greg Olsen,SEA,TE,40.4,472.4,3.6,0.0,0.0,0.0,0.0,0.0,0.0,0.0,0.0,0.0,0.0,0.0,0.0,0.0,0.0,0.0,0.0,0.0,0.0,0.0,68.9
55,Darrynton Evans,TEN,RB,22.3,192.7,1.0,1.3,74.1,330.8,2.1,0.0,0.0,0.0,0.0,0.0,0.0,0.0,0.0,0.0,0.0,0.0,0.0,0.0,0.0,0.0,68.5
75,Laviska Shenault Jr.,JAC,WR,32.2,431.9,2.2,1.0,16.3,104.9,0.5,0.0,0.0,0.0,0.0,0.0,0.0,0.0,0.0,0.0,0.0,0.0,0.0,0.0,0.0,0.0,67.8
76,John Ross,CIN,WR,30.8,443.1,3.7,0.5,3.3,13.6,0.0,0.0,0.0,0.0,0.0,0.0,0.0,0.0,0.0,0.0,0.0,0.0,0.0,0.0,0.0,0.0,66.5
23,Kyle Rudolph,MIN,TE,41.3,422.7,4.0,0.0,0.0,0.0,0.0,0.0,0.0,0.0,0.0,0.0,0.0,0.0,0.0,0.0,0.0,0.0,0.0,0.0,0.0,0.0,66.4
77,Parris Campbell,IND,WR,37.5,470.9,2.7,0.0,2.1,13.6,0.1,0.0,0.0,0.0,0.0,0.0,0.0,0.0,0.0,0.0,0.0,0.0,0.0,0.0,0.0,0.0,64.9
32,Justin Rohrwasser,NE,K,0.0,0.0,0.0,0.0,0.0,0.0,0.0,0.0,0.0,0.0,0.0,0.0,14.8,15.0,20.2,0.0,0.0,0.0,0.0,0.0,0.0,0.0,64.8
78,Tee Higgins,CIN,WR,36.2,478.3,2.8,0.0,0.0,0.0,0.0,0.0,0.0,0.0,0.0,0.0,0.0,0.0,0.0,0.0,0.0,0.0,0.0,0.0,0.0,0.0,64.5
56,A.J. Dillon,GB,RB,8.7,62.1,0.2,1.2,109.6,403.0,3.1,0.0,0.0,0.0,0.0,0.0,0.0,0.0,0.0,0.0,0.0,0.0,0.0,0.0,0.0,0.0,64.2
79,Jakeem Grant,MIA,WR,37.9,432.9,2.4,0.5,3.6,18.9,0.8,0.0,0.0,0.0,0.0,0.0,0.0,0.0,0.0,0.0,0.0,0.0,0.0,0.0,0.0,0.0,63.4
80,James Washington,PIT,WR,33.0,486.2,2.6,0.5,0.0,0.0,0.0,0.0,0.0,0.0,0.0,0.0,0.0,0.0,0.0,0.0,0.0,0.0,0.0,0.0,0.0,0.0,63.3
24,Dawson Knox,BUF,TE,34.9,448.6,3.0,0.0,0.0,0.0,0.0,0.0,0.0,0.0,0.0,0.0,0.0,0.0,0.0,0.0,0.0,0.0,0.0,0.0,0.0,0.0,63.1
57,Ito Smith,ATL,RB,23.1,163.1,0.5,0.6,73.1,282.3,2.8,0.0,0.0,0.0,0.0,0.0,0.0,0.0,0.0,0.0,0.0,0.0,0.0,0.0,0.0,0.0,62.8
81,Tyrell Williams,LV,WR,30.0,447.0,3.0,0.0,0.0,0.0,0.0,0.0,0.0,0.0,0.0,0.0,0.0,0.0,0.0,0.0,0.0,0.0,0.0,0.0,0.0,0.0,62.7
82,Kenny Stills,HOU,WR,30.5,436.8,3.1,0.0,0.0,0.0,0.0,0.0,0.0,0.0,0.0,0.0,0.0,0.0,0.0,0.0,0.0,0.0,0.0,0.0,0.0,0.0,62.2
83,Russell Gage,ATL,WR,37.8,439.1,2.6,0.0,3.3,22.4,0.1,0.0,0.0,0.0,0.0,0.0,0.0,0.0,0.0,0.0,0.0,0.0,0.0,0.0,0.0,0.0,62.1
84,Kendrick Bourne,SF,WR,33.4,422.3,3.1,0.0,0.8,5.5,0.1,0.0,0.0,0.0,0.0,0.0,0.0,0.0,0.0,0.0,0.0,0.0,0.0,0.0,0.0,0.0,62.0
58,Giovani Bernard,CIN,RB,28.6,208.6,0.7,0.5,76.9,274.3,1.8,0.0,0.0,0.0,0.0,0.0,0.0,0.0,0.0,0.0,0.0,0.0,0.0,0.0,0.0,0.0,61.9
59,Jamaal Williams,GB,RB,26.4,200.0,1.3,0.5,66.1,260.0,1.5,0.0,0.0,0.0,0.0,0.0,0.0,0.0,0.0,0.0,0.0,0.0,0.0,0.0,0.0,0.0,61.5
60,Darrel Williams,KC,RB,13.9,115.6,0.7,1.3,80.4,275.3,3.4,0.0,0.0,0.0,0.0,0.0,0.0,0.0,0.0,0.0,0.0,0.0,0.0,0.0,0.0,0.0,61.2
62,Jalen Richard,LV,RB,28.4,251.5,0.7,1.8,70.5,265.9,1.5,0.0,0.0,0.0,0.0,0.0,0.0,0.0,0.0,0.0,0.0,0.0,0.0,0.0,0.0,0.0,61.1
61,Joshua Kelley,LAC,RB,8.4,64.6,0.2,1.1,104.9,372.3,3.1,0.0,0.0,0.0,0.0,0.0,0.0,0.0,0.0,0.0,0.0,0.0,0.0,0.0,0.0,0.0,61.1
63,Damien Harris,NE,RB,6.1,52.2,0.1,1.0,121.3,380.1,3.1,0.0,0.0,0.0,0.0,0.0,0.0,0.0,0.0,0.0,0.0,0.0,0.0,0.0,0.0,0.0,60.2
25,Tyler Eifert,JAC,TE,37.9,432.4,2.8,0.0,0.0,0.0,0.0,0.0,0.0,0.0,0.0,0.0,0.0,0.0,0.0,0.0,0.0,0.0,0.0,0.0,0.0,0.0,60.0
64,Benny Snell Jr.,PIT,RB,6.4,52.2,0.2,0.9,94.2,398.2,2.5,0.0,0.0,0.0,0.0,0.0,0.0,0.0,0.0,0.0,0.0,0.0,0.0,0.0,0.0,0.0,59.6
85,Mohamed Sanu,NE,WR,40.3,441.9,2.4,0.5,3.4,17.9,0.1,0.0,0.0,0.0,0.0,0.0,0.0,0.0,0.0,0.0,0.0,0.0,0.0,0.0,0.0,0.0,59.5
26,Jace Sternberger,GB,TE,39.1,386.6,3.5,0.5,0.0,0.0,0.0,0.0,0.0,0.0,0.0,0.0,0.0,0.0,0.0,0.0,0.0,0.0,0.0,0.0,0.0,0.0,58.5
86,Adam Humphries,TEN,WR,40.9,435.0,2.6,0.5,0.7,3.0,0.0,0.0,0.0,0.0,0.0,0.0,0.0,0.0,0.0,0.0,0.0,0.0,0.0,0.0,0.0,0.0,58.4
87,Dontrelle Inman,WAS,WR,30.4,424.0,2.5,0.0,0.0,0.0,0.0,0.0,0.0,0.0,0.0,0.0,0.0,0.0,0.0,0.0,0.0,0.0,0.0,0.0,0.0,0.0,57.6
88,Miles Boykin,BAL,WR,28.4,380.5,3.2,0.0,0.0,0.0,0.0,0.0,0.0,0.0,0.0,0.0,0.0,0.0,0.0,0.0,0.0,0.0,0.0,0.0,0.0,0.0,57.1
27,O.J. Howard,TB,TE,32.1,420.2,2.7,0.5,0.0,0.0,0.0,0.0,0.0,0.0,0.0,0.0,0.0,0.0,0.0,0.0,0.0,0.0,0.0,0.0,0.0,0.0,56.9
28,David Njoku,CLE,TE,34.3,381.6,3.2,0.5,0.0,0.0,0.0,0.0,0.0,0.0,0.0,0.0,0.0,0.0,0.0,0.0,0.0,0.0,0.0,0.0,0.0,0.0,56.1
29,Irv Smith Jr.,MIN,TE,40.5,403.4,2.8,0.5,0.0,0.0,0.0,0.0,0.0,0.0,0.0,0.0,0.0,0.0,0.0,0.0,0.0,0.0,0.0,0.0,0.0,0.0,56.1
30,Darren Fells,HOU,TE,32.6,330.4,3.8,0.0,0.0,0.0,0.0,0.0,0.0,0.0,0.0,0.0,0.0,0.0,0.0,0.0,0.0,0.0,0.0,0.0,0.0,0.0,56.1
65,Frank Gore,NYJ,RB,11.0,86.0,0.3,0.5,105.3,349.9,1.9,0.0,0.0,0.0,0.0,0.0,0.0,0.0,0.0,0.0,0.0,0.0,0.0,0.0,0.0,0.0,55.5
66,LeSean McCoy,TB,RB,16.4,121.7,0.3,0.6,64.6,283.3,2.4,0.0,0.0,0.0,0.0,0.0,0.0,0.0,0.0,0.0,0.0,0.0,0.0,0.0,0.0,0.0,55.4
31,Jimmy Graham,CHI,TE,40.6,427.5,2.3,0.5,0.0,0.0,0.0,0.0,0.0,0.0,0.0,0.0,0.0,0.0,0.0,0.0,0.0,0.0,0.0,0.0,0.0,0.0,55.3
32,C.J. Uzomah,CIN,TE,38.9,369.0,2.8,0.0,0.0,0.0,0.0,0.0,0.0,0.0,0.0,0.0,0.0,0.0,0.0,0.0,0.0,0.0,0.0,0.0,0.0,0.0,53.5
89,Chase Claypool,PIT,WR,29.4,385.9,2.6,0.5,0.7,2.7,0.0,0.0,0.0,0.0,0.0,0.0,0.0,0.0,0.0,0.0,0.0,0.0,0.0,0.0,0.0,0.0,53.4
90,Willie Snead,BAL,WR,32.5,378.9,2.6,0.5,0.7,3.0,0.0,0.0,0.0,0.0,0.0,0.0,0.0,0.0,0.0,0.0,0.0,0.0,0.0,0.0,0.0,0.0,53.0
67,Lamar Miller,NE,RB,11.0,79.8,0.5,1.0,77.9,292.3,2.4,0.0,0.0,0.0,0.0,0.0,0.0,0.0,0.0,0.0,0.0,0.0,0.0,0.0,0.0,0.0,52.2
68,Devine Ozigbo,JAC,RB,12.5,94.0,0.4,0.6,97.2,308.0,1.8,0.0,0.0,0.0,0.0,0.0,0.0,0.0,0.0,0.0,0.0,0.0,0.0,0.0,0.0,0.0,52.0
33,Gerald Everett,LAR,TE,33.1,366.0,2.5,0.0,0.0,0.0,0.0,0.0,0.0,0.0,0.0,0.0,0.0,0.0,0.0,0.0,0.0,0.0,0.0,0.0,0.0,0.0,51.6
69,Rex Burkhead,NE,RB,19.6,169.8,0.7,0.5,45.5,202.2,1.7,0.0,0.0,0.0,0.0,0.0,0.0,0.0,0.0,0.0,0.0,0.0,0.0,0.0,0.0,0.0,51.0
91,Paul Richardson Jr.,SEA,WR,29.1,378.7,2.1,0.0,0.0,0.0,0.0,0.0,0.0,0.0,0.0,0.0,0.0,0.0,0.0,0.0,0.0,0.0,0.0,0.0,0.0,0.0,50.7
92,Tre'Quan Smith,NO,WR,23.0,318.1,3.1,0.0,0.3,1.0,0.0,0.0,0.0,0.0,0.0,0.0,0.0,0.0,0.0,0.0,0.0,0.0,0.0,0.0,0.0,0.0,50.5
93,KJ Hamler,DEN,WR,27.6,381.6,2.1,0.5,0.7,2.7,0.0,0.0,0.0,0.0,0.0,0.0,0.0,0.0,0.0,0.0,0.0,0.0,0.0,0.0,0.0,0.0,49.8
70,Malcolm Brown,LAR,RB,6.7,45.1,0.2,0.0,69.6,304.4,2.2,0.0,0.0,0.0,0.0,0.0,0.0,0.0,0.0,0.0,0.0,0.0,0.0,0.0,0.0,0.0,49.5
94,Van Jefferson,LAR,WR,28.3,386.4,2.0,1.0,0.7,3.3,0.0,0.0,0.0,0.0,0.0,0.0,0.0,0.0,0.0,0.0,0.0,0.0,0.0,0.0,0.0,0.0,48.7
95,Denzel Mims,NYJ,WR,28.7,382.4,1.8,0.5,0.7,2.7,0.0,0.0,0.0,0.0,0.0,0.0,0.0,0.0,0.0,0.0,0.0,0.0,0.0,0.0,0.0,0.0,48.0
34,Nick Boyle,BAL,TE,30.8,311.6,2.7,0.0,0.0,0.0,0.0,0.0,0.0,0.0,0.0,0.0,0.0,0.0,0.0,0.0,0.0,0.0,0.0,0.0,0.0,0.0,47.1
71,Rashaad Penny,SEA,RB,10.5,84.3,0.4,0.8,55.2,269.3,1.8,0.0,0.0,0.0,0.0,0.0,0.0,0.0,0.0,0.0,0.0,0.0,0.0,0.0,0.0,0.0,47.1
72,Carlos Hyde,SEA,RB,6.6,41.2,0.2,0.9,75.2,311.8,2.1,0.0,0.0,0.0,0.0,0.0,0.0,0.0,0.0,0.0,0.0,0.0,0.0,0.0,0.0,0.0,46.9
73,Bryce Love,WAS,RB,11.0,89.4,0.5,0.6,70.0,269.3,1.5,0.0,0.0,0.0,0.0,0.0,0.0,0.0,0.0,0.0,0.0,0.0,0.0,0.0,0.0,0.0,46.5
96,Olabisi Johnson,MIN,WR,26.4,305.0,2.4,0.0,0.7,4.5,0.0,0.0,0.0,0.0,0.0,0.0,0.0,0.0,0.0,0.0,0.0,0.0,0.0,0.0,0.0,0.0,45.3
35,Devin Asiasi,NE,TE,31.4,319.9,2.4,0.5,0.0,0.0,0.0,0.0,0.0,0.0,0.0,0.0,0.0,0.0,0.0,0.0,0.0,0.0,0.0,0.0,0.0,0.0,45.2
97,Zach Pascal,IND,WR,23.0,316.8,2.0,0.0,1.0,8.0,0.0,0.0,0.0,0.0,0.0,0.0,0.0,0.0,0.0,0.0,0.0,0.0,0.0,0.0,0.0,0.0,44.6
36,Vance McDonald,PIT,TE,32.4,310.5,2.2,0.0,0.0,0.0,0.0,0.0,0.0,0.0,0.0,0.0,0.0,0.0,0.0,0.0,0.0,0.0,0.0,0.0,0.0,0.0,44.5
98,Keelan Cole,JAC,WR,22.1,330.0,1.9,0.5,0.7,3.9,0.0,0.0,0.0,0.0,0.0,0.0,0.0,0.0,0.0,0.0,0.0,0.0,0.0,0.0,0.0,0.0,44.0
99,Marquez Valdes-Scantling,GB,WR,21.2,321.7,1.8,0.0,0.7,7.0,0.0,0.0,0.0,0.0,0.0,0.0,0.0,0.0,0.0,0.0,0.0,0.0,0.0,0.0,0.0,0.0,43.4
37,Will Dissly,SEA,TE,23.2,273.8,2.5,0.0,0.0,0.0,0.0,0.0,0.0,0.0,0.0,0.0,0.0,0.0,0.0,0.0,0.0,0.0,0.0,0.0,0.0,0.0,42.1
38,Trey Burton,IND,TE,28.2,287.1,2.2,0.0,0.0,0.0,0.0,0.0,0.0,0.0,0.0,0.0,0.0,0.0,0.0,0.0,0.0,0.0,0.0,0.0,0.0,0.0,41.8
100,Jakobi Meyers,NE,WR,23.7,308.5,1.8,0.0,0.0,0.0,0.0,0.0,0.0,0.0,0.0,0.0,0.0,0.0,0.0,0.0,0.0,0.0,0.0,0.0,0.0,0.0,41.6
101,Equanimeous St. Brown,GB,WR,24.2,306.3,1.8,0.0,0.3,2.0,0.0,0.0,0.0,0.0,0.0,0.0,0.0,0.0,0.0,0.0,0.0,0.0,0.0,0.0,0.0,0.0,41.5
102,Devin Duvernay,BAL,WR,22.7,307.0,1.8,0.5,1.0,7.0,0.0,0.0,0.0,0.0,0.0,0.0,0.0,0.0,0.0,0.0,0.0,0.0,0.0,0.0,0.0,0.0,41.5
74,Dion Lewis,NYG,RB,22.3,145.5,0.8,0.7,51.6,183.8,0.8,0.0,0.0,0.0,0.0,0.0,0.0,0.0,0.0,0.0,0.0,0.0,0.0,0.0,0.0,0.0,41.4
103,Andy Isabella,ARI,WR,19.4,285.0,1.8,0.0,2.3,15.4,0.1,0.0,0.0,0.0,0.0,0.0,0.0,0.0,0.0,0.0,0.0,0.0,0.0,0.0,0.0,0.0,41.0
104,Antonio Gandy-Golden,WAS,WR,23.8,315.0,1.4,0.0,0.0,0.0,0.0,0.0,0.0,0.0,0.0,0.0,0.0,0.0,0.0,0.0,0.0,0.0,0.0,0.0,0.0,0.0,40.0
39,Jordan Akins,HOU,TE,28.4,303.5,1.5,0.0,0.0,0.0,0.0,0.0,0.0,0.0,0.0,0.0,0.0,0.0,0.0,0.0,0.0,0.0,0.0,0.0,0.0,0.0,39.4
75,Anthony McFarland Jr.,PIT,RB,16.1,125.2,0.7,0.6,38.1,169.7,1.1,0.0,0.0,0.0,0.0,0.0,0.0,0.0,0.0,0.0,0.0,0.0,0.0,0.0,0.0,0.0,39.2
40,Cole Kmet,CHI,TE,27.2,283.7,1.9,0.5,0.0,0.0,0.0,0.0,0.0,0.0,0.0,0.0,0.0,0.0,0.0,0.0,0.0,0.0,0.0,0.0,0.0,0.0,38.8
76,Lynn Bowden Jr.,LV,RB,15.3,132.6,0.5,0.6,35.0,173.4,1.0,0.0,0.0,0.0,0.0,0.0,0.0,0.0,0.0,0.0,0.0,0.0,0.0,0.0,0.0,0.0,38.8
105,Greg Ward,PHI,WR,25.2,286.5,1.6,0.5,2.2,11.3,0.0,0.0,0.0,0.0,0.0,0.0,0.0,0.0,0.0,0.0,0.0,0.0,0.0,0.0,0.0,0.0,38.2
77,DeAndre Washington,KC,RB,11.2,86.1,0.5,0.1,47.8,176.7,1.4,0.0,0.0,0.0,0.0,0.0,0.0,0.0,0.0,0.0,0.0,0.0,0.0,0.0,0.0,0.0,37.9
41,Anthony Firkser,TEN,TE,21.8,268.4,1.8,0.0,0.0,0.0,0.0,0.0,0.0,0.0,0.0,0.0,0.0,0.0,0.0,0.0,0.0,0.0,0.0,0.0,0.0,0.0,37.8
106,Phillip Dorsett,SEA,WR,20.5,271.2,1.8,0.0,0.1,0.3,0.0,0.0,0.0,0.0,0.0,0.0,0.0,0.0,0.0,0.0,0.0,0.0,0.0,0.0,0.0,0.0,37.7
107,Auden Tate,CIN,WR,21.8,296.5,1.5,0.5,0.0,0.0,0.0,0.0,0.0,0.0,0.0,0.0,0.0,0.0,0.0,0.0,0.0,0.0,0.0,0.0,0.0,0.0,37.4
33,Cairo Santos,CHI,K,0.0,0.0,0.0,0.0,0.0,0.0,0.0,0.0,0.0,0.0,0.0,0.0,9.0,13.0,10.0,0.0,0.0,0.0,0.0,0.0,0.0,0.0,37.0
108,David Moore,SEA,WR,18.7,253.1,1.9,0.0,0.6,3.9,0.0,0.0,0.0,0.0,0.0,0.0,0.0,0.0,0.0,0.0,0.0,0.0,0.0,0.0,0.0,0.0,36.9
109,Chris Hogan,NYJ,WR,20.7,274.7,1.5,0.0,0.0,0.0,0.0,0.0,0.0,0.0,0.0,0.0,0.0,0.0,0.0,0.0,0.0,0.0,0.0,0.0,0.0,0.0,36.7
78,Brian Hill,ATL,RB,10.5,78.6,0.3,0.4,46.7,201.1,1.2,0.0,0.0,0.0,0.0,0.0,0.0,0.0,0.0,0.0,0.0,0.0,0.0,0.0,0.0,0.0,36.4
42,Dan Arnold,ARI,TE,21.6,257.8,1.8,0.0,0.0,0.0,0.0,0.0,0.0,0.0,0.0,0.0,0.0,0.0,0.0,0.0,0.0,0.0,0.0,0.0,0.0,0.0,36.4
79,Gus Edwards,BAL,RB,3.5,27.0,0.1,0.6,47.6,254.7,1.5,0.0,0.0,0.0,0.0,0.0,0.0,0.0,0.0,0.0,0.0,0.0,0.0,0.0,0.0,0.0,36.3
110,Jake Kumerow,GB,WR,16.7,261.1,1.7,0.0,0.0,0.0,0.0,0.0,0.0,0.0,0.0,0.0,0.0,0.0,0.0,0.0,0.0,0.0,0.0,0.0,0.0,0.0,36.3
111,Ted Ginn,CHI,WR,18.5,252.2,1.4,0.0,3.1,20.3,0.1,0.0,0.0,0.0,0.0,0.0,0.0,0.0,0.0,0.0,0.0,0.0,0.0,0.0,0.0,0.0,36.3
35,Jalen Hurts,PHI,QB,0.0,0.0,0.0,3.2,27.0,130.8,1.3,26.5,15.0,385.6,2.1,1.2,0.0,0.0,0.0,0.0,0.0,0.0,0.0,0.0,0.0,0.0,35.9
80,Royce Freeman,DEN,RB,17.9,112.0,0.5,0.6,41.9,169.2,1.0,0.0,0.0,0.0,0.0,0.0,0.0,0.0,0.0,0.0,0.0,0.0,0.0,0.0,0.0,0.0,35.4
81,Kyle Juszczyk,SF,RB,24.2,237.8,1.4,0.5,10.4,25.7,0.2,0.0,0.0,0.0,0.0,0.0,0.0,0.0,0.0,0.0,0.0,0.0,0.0,0.0,0.0,0.0,35.2
43,Ryan Griffin,NYJ,TE,24.1,246.9,1.7,0.0,0.0,0.0,0.0,0.0,0.0,0.0,0.0,0.0,0.0,0.0,0.0,0.0,0.0,0.0,0.0,0.0,0.0,0.0,35.1
112,Scott Miller,TB,WR,22.0,261.6,1.3,0.0,1.2,8.1,0.1,0.0,0.0,0.0,0.0,0.0,0.0,0.0,0.0,0.0,0.0,0.0,0.0,0.0,0.0,0.0,34.9
113,Isaiah Ford,MIA,WR,21.4,257.5,1.4,0.0,0.0,0.0,0.0,0.0,0.0,0.0,0.0,0.0,0.0,0.0,0.0,0.0,0.0,0.0,0.0,0.0,0.0,0.0,34.4
44,Taysom Hill,NO,TE,21.0,216.8,2.1,0.0,0.0,0.0,0.0,0.0,0.0,0.0,0.0,0.0,0.0,0.0,0.0,0.0,0.0,0.0,0.0,0.0,0.0,0.0,34.2
34,Ryan Succop,TB,K,0.0,0.0,0.0,0.0,0.0,0.0,0.0,0.0,0.0,0.0,0.0,0.0,8.0,12.0,10.0,0.0,0.0,0.0,0.0,0.0,0.0,0.0,34.0
45,Jordan Reed,SF,TE,22.0,247.6,1.6,0.5,0.0,0.0,0.0,0.0,0.0,0.0,0.0,0.0,0.0,0.0,0.0,0.0,0.0,0.0,0.0,0.0,0.0,0.0,33.5
114,Joe Reed,LAC,WR,18.2,258.5,1.3,0.5,1.0,4.3,0.0,0.0,0.0,0.0,0.0,0.0,0.0,0.0,0.0,0.0,0.0,0.0,0.0,0.0,0.0,0.0,33.4
82,Mike Davis,CAR,RB,12.2,78.2,0.1,0.6,49.3,167.0,1.5,0.0,0.0,0.0,0.0,0.0,0.0,0.0,0.0,0.0,0.0,0.0,0.0,0.0,0.0,0.0,33.3
46,Cameron Brate,TB,TE,21.2,211.4,2.0,0.0,0.0,0.0,0.0,0.0,0.0,0.0,0.0,0.0,0.0,0.0,0.0,0.0,0.0,0.0,0.0,0.0,0.0,0.0,32.9
115,Nelson Agholor,LV,WR,22.6,254.1,1.2,0.5,1.4,13.3,0.0,0.0,0.0,0.0,0.0,0.0,0.0,0.0,0.0,0.0,0.0,0.0,0.0,0.0,0.0,0.0,32.7
83,Lamical Perine,NYJ,RB,10.5,76.0,0.3,0.3,37.7,168.8,1.2,0.0,0.0,0.0,0.0,0.0,0.0,0.0,0.0,0.0,0.0,0.0,0.0,0.0,0.0,0.0,32.7
116,Demarcus Robinson,KC,WR,16.5,225.3,1.6,0.0,0.0,0.0,0.0,0.0,0.0,0.0,0.0,0.0,0.0,0.0,0.0,0.0,0.0,0.0,0.0,0.0,0.0,0.0,32.3
117,Cordarrelle Patterson,CHI,WR,11.2,111.1,0.5,0.0,19.5,119.3,1.0,0.0,0.0,0.0,0.0,0.0,0.0,0.0,0.0,0.0,0.0,0.0,0.0,0.0,0.0,0.0,31.7
47,Jesse James,DET,TE,20.8,232.8,1.3,0.0,0.0,0.0,0.0,0.0,0.0,0.0,0.0,0.0,0.0,0.0,0.0,0.0,0.0,0.0,0.0,0.0,0.0,0.0,31.2
48,Maxx Williams,ARI,TE,21.9,220.7,1.5,0.0,0.0,0.0,0.0,0.0,0.0,0.0,0.0,0.0,0.0,0.0,0.0,0.0,0.0,0.0,0.0,0.0,0.0,0.0,30.9
36,Alex Smith,WAS,QB,0.0,0.0,0.0,0.0,11.0,37.5,0.0,63.5,40.5,449.5,3.0,1.5,0.0,0.0,0.0,0.0,0.0,0.0,0.0,0.0,0.0,0.0,30.7
49,James O'Shaughnessy,JAC,TE,22.2,222.7,1.4,0.0,0.0,0.0,0.0,0.0,0.0,0.0,0.0,0.0,0.0,0.0,0.0,0.0,0.0,0.0,0.0,0.0,0.0,0.0,30.7
50,Andrew Beck,DEN,TE,17.0,184.0,2.0,0.0,0.0,0.0,0.0,0.0,0.0,0.0,0.0,0.0,0.0,0.0,0.0,0.0,0.0,0.0,0.0,0.0,0.0,0.0,30.4
51,Jacob Hollister,SEA,TE,21.1,200.5,1.7,0.0,0.0,0.0,0.0,0.0,0.0,0.0,0.0,0.0,0.0,0.0,0.0,0.0,0.0,0.0,0.0,0.0,0.0,0.0,30.4
118,Donovan Peoples-Jones,CLE,WR,19.3,224.7,1.3,0.0,0.0,0.0,0.0,0.0,0.0,0.0,0.0,0.0,0.0,0.0,0.0,0.0,0.0,0.0,0.0,0.0,0.0,0.0,30.2
84,DeeJay Dallas,SEA,RB,10.6,96.0,0.4,0.6,37.1,137.8,0.9,0.0,0.0,0.0,0.0,0.0,0.0,0.0,0.0,0.0,0.0,0.0,0.0,0.0,0.0,0.0,29.9
52,Logan Thomas,WAS,TE,21.7,220.3,1.3,0.0,0.0,0.0,0.0,0.0,0.0,0.0,0.0,0.0,0.0,0.0,0.0,0.0,0.0,0.0,0.0,0.0,0.0,0.0,29.5
85,Justice Hill,BAL,RB,9.3,74.1,0.2,0.6,29.6,140.3,1.2,0.0,0.0,0.0,0.0,0.0,0.0,0.0,0.0,0.0,0.0,0.0,0.0,0.0,0.0,0.0,28.9
119,Tim Patrick,DEN,WR,16.9,209.8,1.2,0.0,0.1,0.4,0.0,0.0,0.0,0.0,0.0,0.0,0.0,0.0,0.0,0.0,0.0,0.0,0.0,0.0,0.0,0.0,28.3
120,Marvin Hall,DET,WR,13.0,203.8,1.2,0.0,1.1,7.2,0.0,0.0,0.0,0.0,0.0,0.0,0.0,0.0,0.0,0.0,0.0,0.0,0.0,0.0,0.0,0.0,28.2
86,Sewo Olonilua,DAL,RB,9.0,54.3,0.4,0.2,0.0,143.6,1.1,0.0,0.0,0.0,0.0,0.0,0.0,0.0,0.0,0.0,0.0,0.0,0.0,0.0,0.0,0.0,28.2
53,Jason Witten,LV,TE,21.2,187.7,1.6,0.0,0.0,0.0,0.0,0.0,0.0,0.0,0.0,0.0,0.0,0.0,0.0,0.0,0.0,0.0,0.0,0.0,0.0,0.0,28.1
121,Kalif Raymond,TEN,WR,13.0,201.4,1.3,0.0,0.0,0.0,0.0,0.0,0.0,0.0,0.0,0.0,0.0,0.0,0.0,0.0,0.0,0.0,0.0,0.0,0.0,0.0,28.0
87,Reggie Bonnafon,CAR,RB,6.0,45.8,0.1,0.1,41.7,165.7,1.0,0.0,0.0,0.0,0.0,0.0,0.0,0.0,0.0,0.0,0.0,0.0,0.0,0.0,0.0,0.0,27.7
54,Tyler Kroft,BUF,TE,16.8,174.3,1.7,0.0,0.0,0.0,0.0,0.0,0.0,0.0,0.0,0.0,0.0,0.0,0.0,0.0,0.0,0.0,0.0,0.0,0.0,0.0,27.5
122,J.J. Arcega-Whiteside,PHI,WR,17.3,210.9,0.9,0.0,0.4,2.9,0.0,0.0,0.0,0.0,0.0,0.0,0.0,0.0,0.0,0.0,0.0,0.0,0.0,0.0,0.0,0.0,26.9
55,Mo Alie-Cox,IND,TE,13.9,187.7,1.4,0.0,0.0,0.0,0.0,0.0,0.0,0.0,0.0,0.0,0.0,0.0,0.0,0.0,0.0,0.0,0.0,0.0,0.0,0.0,26.9
37,Marcus Mariota,LV,QB,0.0,0.0,0.0,0.1,4.7,31.4,0.1,38.7,25.0,396.9,2.5,1.3,0.0,0.0,0.0,0.0,0.0,0.0,0.0,0.0,0.0,0.0,26.8
56,Jaeden Graham,ATL,TE,17.9,208.5,1.0,0.0,0.0,0.0,0.0,0.0,0.0,0.0,0.0,0.0,0.0,0.0,0.0,0.0,0.0,0.0,0.0,0.0,0.0,0.0,26.6
57,Adam Shaheen,MIA,TE,19.8,186.7,1.6,1.0,0.0,0.0,0.0,0.0,0.0,0.0,0.0,0.0,0.0,0.0,0.0,0.0,0.0,0.0,0.0,0.0,0.0,0.0,26.4
58,Jeremy Sprinkle,WAS,TE,21.2,193.4,1.1,0.0,0.0,0.0,0.0,0.0,0.0,0.0,0.0,0.0,0.0,0.0,0.0,0.0,0.0,0.0,0.0,0.0,0.0,0.0,26.2
35,Lirim Hajrullahu,LAR,K,0.0,0.0,0.0,0.0,0.0,0.0,0.0,0.0,0.0,0.0,0.0,0.0,6.0,8.0,8.0,0.0,0.0,0.0,0.0,0.0,0.0,0.0,26.0
36,Austin MacGinnis,LAR,K,0.0,0.0,0.0,0.0,0.0,0.0,0.0,0.0,0.0,0.0,0.0,0.0,6.0,8.0,8.0,0.0,0.0,0.0,0.0,0.0,0.0,0.0,26.0
38,Taysom Hill,NO,QB,0.0,0.0,0.0,0.2,16.0,167.6,1.0,10.5,5.5,56.0,0.4,0.1,0.0,0.0,0.0,0.0,0.0,0.0,0.0,0.0,0.0,0.0,26.0
88,Jaylen Samuels,PIT,RB,14.9,108.2,0.3,0.0,33.8,97.7,0.6,0.0,0.0,0.0,0.0,0.0,0.0,0.0,0.0,0.0,0.0,0.0,0.0,0.0,0.0,0.0,25.8
39,John Wolford,LAR,QB,0.0,0.0,0.0,0.2,1.0,59.2,0.4,19.0,12.0,335.4,1.7,1.2,0.0,0.0,0.0,0.0,0.0,0.0,0.0,0.0,0.0,0.0,25.5
123,Rashard Higgins,CLE,WR,13.2,178.9,1.2,0.0,0.0,0.0,0.0,0.0,0.0,0.0,0.0,0.0,0.0,0.0,0.0,0.0,0.0,0.0,0.0,0.0,0.0,0.0,25.3
59,Harrison Bryant,CLE,TE,16.0,189.0,1.0,0.0,0.0,0.0,0.0,0.0,0.0,0.0,0.0,0.0,0.0,0.0,0.0,0.0,0.0,0.0,0.0,0.0,0.0,0.0,24.9
89,Corey Clement,PHI,RB,8.0,58.6,0.1,0.5,38.0,136.6,1.0,0.0,0.0,0.0,0.0,0.0,0.0,0.0,0.0,0.0,0.0,0.0,0.0,0.0,0.0,0.0,24.9
90,Ryan Nall,CHI,RB,6.4,53.2,0.2,0.2,31.9,143.6,0.7,0.0,0.0,0.0,0.0,0.0,0.0,0.0,0.0,0.0,0.0,0.0,0.0,0.0,0.0,0.0,24.6
124,Quez Watkins,PHI,WR,14.7,178.2,1.1,0.0,0.0,0.0,0.0,0.0,0.0,0.0,0.0,0.0,0.0,0.0,0.0,0.0,0.0,0.0,0.0,0.0,0.0,0.0,24.5
40,Phillip Walker,CAR,QB,0.0,0.0,0.0,0.2,1.0,58.2,0.4,18.0,12.0,330.7,1.6,1.4,0.0,0.0,0.0,0.0,0.0,0.0,0.0,0.0,0.0,0.0,24.4
125,Trent Taylor,SF,WR,16.3,193.3,0.8,0.0,0.0,0.0,0.0,0.0,0.0,0.0,0.0,0.0,0.0,0.0,0.0,0.0,0.0,0.0,0.0,0.0,0.0,0.0,24.4
91,Andy Janovich,CLE,RB,10.3,106.3,1.2,0.0,3.0,25.2,0.7,0.0,0.0,0.0,0.0,0.0,0.0,0.0,0.0,0.0,0.0,0.0,0.0,0.0,0.0,0.0,24.3
60,Josh Hill,NO,TE,17.7,169.0,1.2,0.0,0.0,0.0,0.0,0.0,0.0,0.0,0.0,0.0,0.0,0.0,0.0,0.0,0.0,0.0,0.0,0.0,0.0,0.0,24.3
126,Laquon Treadwell,ATL,WR,12.8,167.3,1.2,0.0,0.0,0.0,0.0,0.0,0.0,0.0,0.0,0.0,0.0,0.0,0.0,0.0,0.0,0.0,0.0,0.0,0.0,0.0,23.9
127,Riley Ridley,CHI,WR,13.5,166.2,1.1,0.0,0.0,0.0,0.0,0.0,0.0,0.0,0.0,0.0,0.0,0.0,0.0,0.0,0.0,0.0,0.0,0.0,0.0,0.0,23.5
92,Mike Boone,MIN,RB,3.9,34.6,0.1,0.2,29.5,140.1,0.9,0.0,0.0,0.0,0.0,0.0,0.0,0.0,0.0,0.0,0.0,0.0,0.0,0.0,0.0,0.0,23.4
128,Trey Quinn,WAS,WR,15.5,186.3,0.8,0.0,0.0,0.0,0.0,0.0,0.0,0.0,0.0,0.0,0.0,0.0,0.0,0.0,0.0,0.0,0.0,0.0,0.0,0.0,23.2
61,Garrett Griffin,NO,TE,12.0,111.0,2.0,0.0,0.0,0.0,0.0,0.0,0.0,0.0,0.0,0.0,0.0,0.0,0.0,0.0,0.0,0.0,0.0,0.0,0.0,0.0,23.1
129,Chester Rogers,MIA,WR,16.8,177.2,0.9,0.0,0.0,0.0,0.0,0.0,0.0,0.0,0.0,0.0,0.0,0.0,0.0,0.0,0.0,0.0,0.0,0.0,0.0,0.0,23.0
62,Robert Tonyan,GB,TE,12.6,140.0,1.4,0.0,0.0,0.0,0.0,0.0,0.0,0.0,0.0,0.0,0.0,0.0,0.0,0.0,0.0,0.0,0.0,0.0,0.0,0.0,22.6
63,Josiah Deguara,GB,TE,18.0,185.0,1.0,1.0,0.0,0.0,0.0,0.0,0.0,0.0,0.0,0.0,0.0,0.0,0.0,0.0,0.0,0.0,0.0,0.0,0.0,0.0,22.5
130,Tajae Sharpe,MIN,WR,12.8,170.2,0.9,0.0,0.0,0.0,0.0,0.0,0.0,0.0,0.0,0.0,0.0,0.0,0.0,0.0,0.0,0.0,0.0,0.0,0.0,0.0,22.4
93,Myles Gaskin,MIA,RB,8.7,65.8,0.3,0.2,13.3,100.0,0.7,0.0,0.0,0.0,0.0,0.0,0.0,0.0,0.0,0.0,0.0,0.0,0.0,0.0,0.0,0.0,22.0
95,J.D. McKissic,WAS,RB,13.1,87.0,0.5,0.5,26.6,101.3,0.1,0.0,0.0,0.0,0.0,0.0,0.0,0.0,0.0,0.0,0.0,0.0,0.0,0.0,0.0,0.0,21.6
94,Dare Ogunbowale,TB,RB,12.2,102.8,0.5,0.0,13.8,41.6,0.7,0.0,0.0,0.0,0.0,0.0,0.0,0.0,0.0,0.0,0.0,0.0,0.0,0.0,0.0,0.0,21.6
96,Patrick Laird,MIA,RB,9.0,76.6,0.2,0.1,18.3,100.5,0.4,0.0,0.0,0.0,0.0,0.0,0.0,0.0,0.0,0.0,0.0,0.0,0.0,0.0,0.0,0.0,21.5
131,Gabriel Davis,BUF,WR,11.6,162.8,0.9,0.0,0.0,0.0,0.0,0.0,0.0,0.0,0.0,0.0,0.0,0.0,0.0,0.0,0.0,0.0,0.0,0.0,0.0,0.0,21.4
97,Jason Huntley,DET,RB,4.0,37.0,0.0,0.0,29.0,116.0,1.0,0.0,0.0,0.0,0.0,0.0,0.0,0.0,0.0,0.0,0.0,0.0,0.0,0.0,0.0,0.0,21.3
98,Kalen Ballage,MIA,RB,6.1,50.5,0.1,0.2,0.0,116.7,0.7,0.0,0.0,0.0,0.0,0.0,0.0,0.0,0.0,0.0,0.0,0.0,0.0,0.0,0.0,0.0,21.3
64,Adam Trautman,NO,TE,14.7,143.8,1.1,0.0,0.0,0.0,0.0,0.0,0.0,0.0,0.0,0.0,0.0,0.0,0.0,0.0,0.0,0.0,0.0,0.0,0.0,0.0,21.1
65,Levine Toilolo,NYG,TE,14.0,161.5,0.8,0.0,0.0,0.0,0.0,0.0,0.0,0.0,0.0,0.0,0.0,0.0,0.0,0.0,0.0,0.0,0.0,0.0,0.0,0.0,20.8
66,MyCole Pruitt,TEN,TE,12.2,135.2,1.2,0.0,0.0,0.0,0.0,0.0,0.0,0.0,0.0,0.0,0.0,0.0,0.0,0.0,0.0,0.0,0.0,0.0,0.0,0.0,20.7
99,Darwin Thompson,KC,RB,6.8,45.1,0.2,0.1,28.2,125.2,0.5,0.0,0.0,0.0,0.0,0.0,0.0,0.0,0.0,0.0,0.0,0.0,0.0,0.0,0.0,0.0,20.7
100,Eno Benjamin,ARI,RB,5.9,35.6,0.2,0.2,0.0,111.9,0.8,0.0,0.0,0.0,0.0,0.0,0.0,0.0,0.0,0.0,0.0,0.0,0.0,0.0,0.0,0.0,20.6
67,Nick Vannett,DEN,TE,13.8,136.6,1.2,0.0,0.0,0.0,0.0,0.0,0.0,0.0,0.0,0.0,0.0,0.0,0.0,0.0,0.0,0.0,0.0,0.0,0.0,0.0,20.6
101,Bo Scarbrough,DET,RB,3.9,31.7,0.1,0.5,25.0,144.0,0.6,0.0,0.0,0.0,0.0,0.0,0.0,0.0,0.0,0.0,0.0,0.0,0.0,0.0,0.0,0.0,20.6
133,Tyler Johnson,TB,WR,12.0,152.7,0.7,0.0,1.0,6.7,0.1,0.0,0.0,0.0,0.0,0.0,0.0,0.0,0.0,0.0,0.0,0.0,0.0,0.0,0.0,0.0,20.5
132,David Sills,NYG,WR,12.4,149.1,0.9,0.0,0.0,0.0,0.0,0.0,0.0,0.0,0.0,0.0,0.0,0.0,0.0,0.0,0.0,0.0,0.0,0.0,0.0,0.0,20.5
68,Ricky Seals-Jones,KC,TE,10.4,127.3,1.3,0.0,0.0,0.0,0.0,0.0,0.0,0.0,0.0,0.0,0.0,0.0,0.0,0.0,0.0,0.0,0.0,0.0,0.0,0.0,20.5
134,Geremy Davis,DET,WR,12.7,160.0,0.7,0.0,0.0,0.0,0.0,0.0,0.0,0.0,0.0,0.0,0.0,0.0,0.0,0.0,0.0,0.0,0.0,0.0,0.0,0.0,20.3
135,Javon Wims,CHI,WR,12.9,142.4,0.9,0.0,0.0,0.0,0.0,0.0,0.0,0.0,0.0,0.0,0.0,0.0,0.0,0.0,0.0,0.0,0.0,0.0,0.0,0.0,19.7
137,James Proche,BAL,WR,10.1,141.7,0.8,0.0,0.0,0.0,0.0,0.0,0.0,0.0,0.0,0.0,0.0,0.0,0.0,0.0,0.0,0.0,0.0,0.0,0.0,0.0,19.0
136,Mack Hollins,MIA,WR,12.0,148.7,0.7,0.0,0.0,0.0,0.0,0.0,0.0,0.0,0.0,0.0,0.0,0.0,0.0,0.0,0.0,0.0,0.0,0.0,0.0,0.0,19.0
69,Marcedes Lewis,GB,TE,14.0,151.7,0.6,0.0,0.0,0.0,0.0,0.0,0.0,0.0,0.0,0.0,0.0,0.0,0.0,0.0,0.0,0.0,0.0,0.0,0.0,0.0,18.9
70,Foster Moreau,LV,TE,12.0,114.3,1.2,0.0,0.0,0.0,0.0,0.0,0.0,0.0,0.0,0.0,0.0,0.0,0.0,0.0,0.0,0.0,0.0,0.0,0.0,0.0,18.8
138,Isaiah McKenzie,BUF,WR,13.0,135.6,0.9,0.0,0.0,0.0,0.0,0.0,0.0,0.0,0.0,0.0,0.0,0.0,0.0,0.0,0.0,0.0,0.0,0.0,0.0,0.0,18.8
71,Brycen Hopkins,LAR,TE,12.0,125.0,1.0,0.0,0.0,0.0,0.0,0.0,0.0,0.0,0.0,0.0,0.0,0.0,0.0,0.0,0.0,0.0,0.0,0.0,0.0,0.0,18.5
102,Devontae Booker,LV,RB,6.2,49.4,0.1,0.0,18.7,89.6,0.7,0.0,0.0,0.0,0.0,0.0,0.0,0.0,0.0,0.0,0.0,0.0,0.0,0.0,0.0,0.0,18.4
103,Jeff Wilson,SF,RB,2.3,15.3,0.0,0.1,25.2,99.7,1.1,0.0,0.0,0.0,0.0,0.0,0.0,0.0,0.0,0.0,0.0,0.0,0.0,0.0,0.0,0.0,18.1
104,Ty Montgomery,NO,RB,8.2,64.0,0.2,0.0,14.3,67.5,0.6,0.0,0.0,0.0,0.0,0.0,0.0,0.0,0.0,0.0,0.0,0.0,0.0,0.0,0.0,0.0,17.9
72,Jordan Thomas,HOU,TE,9.2,96.5,1.4,0.0,0.0,0.0,0.0,0.0,0.0,0.0,0.0,0.0,0.0,0.0,0.0,0.0,0.0,0.0,0.0,0.0,0.0,0.0,17.8
73,Jake Butt,DEN,TE,12.5,124.9,0.9,0.0,0.0,0.0,0.0,0.0,0.0,0.0,0.0,0.0,0.0,0.0,0.0,0.0,0.0,0.0,0.0,0.0,0.0,0.0,17.8
74,Ryan Izzo,NE,TE,9.7,118.3,1.0,0.0,0.0,0.0,0.0,0.0,0.0,0.0,0.0,0.0,0.0,0.0,0.0,0.0,0.0,0.0,0.0,0.0,0.0,0.0,17.7
139,Devin Smith,DAL,WR,11.4,130.8,0.7,0.0,0.0,0.0,0.0,0.0,0.0,0.0,0.0,0.0,0.0,0.0,0.0,0.0,0.0,0.0,0.0,0.0,0.0,0.0,17.5
75,Jesper Horsted,CHI,TE,16.2,150.4,1.1,2.0,0.0,0.0,0.0,0.0,0.0,0.0,0.0,0.0,0.0,0.0,0.0,0.0,0.0,0.0,0.0,0.0,0.0,0.0,17.5
77,Demetrius Harris,CHI,TE,9.8,96.5,1.3,0.0,0.0,0.0,0.0,0.0,0.0,0.0,0.0,0.0,0.0,0.0,0.0,0.0,0.0,0.0,0.0,0.0,0.0,0.0,17.3
76,Donald Parham,LAC,TE,10.0,113.0,1.0,0.0,0.0,0.0,0.0,0.0,0.0,0.0,0.0,0.0,0.0,0.0,0.0,0.0,0.0,0.0,0.0,0.0,0.0,0.0,17.3
78,Kahale Warring,HOU,TE,10.0,112.0,1.0,0.0,0.0,0.0,0.0,0.0,0.0,0.0,0.0,0.0,0.0,0.0,0.0,0.0,0.0,0.0,0.0,0.0,0.0,0.0,17.2
140,DaeSean Hamilton,DEN,WR,12.3,129.6,0.7,0.0,0.0,0.0,0.0,0.0,0.0,0.0,0.0,0.0,0.0,0.0,0.0,0.0,0.0,0.0,0.0,0.0,0.0,0.0,17.1
141,Damiere Byrd,NE,WR,9.9,123.8,0.8,0.0,0.0,0.0,0.0,0.0,0.0,0.0,0.0,0.0,0.0,0.0,0.0,0.0,0.0,0.0,0.0,0.0,0.0,0.0,17.0
105,JaMycal Hasty,SF,RB,2.6,23.2,0.0,0.0,35.0,103.5,0.7,0.0,0.0,0.0,0.0,0.0,0.0,0.0,0.0,0.0,0.0,0.0,0.0,0.0,0.0,0.0,16.8
79,Kaden Smith,NYG,TE,11.8,124.3,0.7,0.0,0.0,0.0,0.0,0.0,0.0,0.0,0.0,0.0,0.0,0.0,0.0,0.0,0.0,0.0,0.0,0.0,0.0,0.0,16.8
106,Kerrith Whyte Jr.,PIT,RB,3.4,22.2,0.2,0.2,5.9,98.5,0.6,0.0,0.0,0.0,0.0,0.0,0.0,0.0,0.0,0.0,0.0,0.0,0.0,0.0,0.0,0.0,16.5
80,Charlie Woerner,SF,TE,9.0,104.0,1.0,0.0,0.0,0.0,0.0,0.0,0.0,0.0,0.0,0.0,0.0,0.0,0.0,0.0,0.0,0.0,0.0,0.0,0.0,0.0,16.4
81,Jerell Adams,BAL,TE,9.0,99.0,1.0,0.0,0.0,0.0,0.0,0.0,0.0,0.0,0.0,0.0,0.0,0.0,0.0,0.0,0.0,0.0,0.0,0.0,0.0,0.0,15.9
144,Richie James,SF,WR,6.9,85.7,0.6,0.0,2.9,20.2,0.2,0.0,0.0,0.0,0.0,0.0,0.0,0.0,0.0,0.0,0.0,0.0,0.0,0.0,0.0,0.0,15.4
145,Taywan Taylor,CLE,WR,8.7,107.6,0.8,0.0,0.0,0.0,0.0,0.0,0.0,0.0,0.0,0.0,0.0,0.0,0.0,0.0,0.0,0.0,0.0,0.0,0.0,0.0,15.4
143,Victor Bolden Jr.,DET,WR,9.6,121.0,0.6,0.0,0.0,0.0,0.0,0.0,0.0,0.0,0.0,0.0,0.0,0.0,0.0,0.0,0.0,0.0,0.0,0.0,0.0,0.0,15.4
142,KeeSean Johnson,ARI,WR,8.9,116.4,0.6,0.0,0.0,0.0,0.0,0.0,0.0,0.0,0.0,0.0,0.0,0.0,0.0,0.0,0.0,0.0,0.0,0.0,0.0,0.0,15.4
107,Ty Johnson,DET,RB,5.5,43.3,0.1,0.1,2.8,77.9,0.4,0.0,0.0,0.0,0.0,0.0,0.0,0.0,0.0,0.0,0.0,0.0,0.0,0.0,0.0,0.0,15.4
82,Drew Sample,CIN,TE,14.3,129.4,0.7,1.0,0.0,0.0,0.0,0.0,0.0,0.0,0.0,0.0,0.0,0.0,0.0,0.0,0.0,0.0,0.0,0.0,0.0,0.0,15.3
108,CJ Ham,MIN,RB,10.4,88.7,0.5,0.0,5.3,24.1,0.2,0.0,0.0,0.0,0.0,0.0,0.0,0.0,0.0,0.0,0.0,0.0,0.0,0.0,0.0,0.0,15.2
83,Virgil Green,LAC,TE,11.5,117.0,0.9,1.0,0.0,0.0,0.0,0.0,0.0,0.0,0.0,0.0,0.0,0.0,0.0,0.0,0.0,0.0,0.0,0.0,0.0,0.0,15.1
146,Zay Jones,LV,WR,8.8,109.3,0.7,0.0,0.0,0.3,0.0,0.0,0.0,0.0,0.0,0.0,0.0,0.0,0.0,0.0,0.0,0.0,0.0,0.0,0.0,0.0,15.0
84,Joshua Perkins,PHI,TE,9.5,99.0,0.8,0.0,0.0,0.0,0.0,0.0,0.0,0.0,0.0,0.0,0.0,0.0,0.0,0.0,0.0,0.0,0.0,0.0,0.0,0.0,14.7
85,Dalton Schultz,DAL,TE,11.1,119.3,0.5,0.0,0.0,0.0,0.0,0.0,0.0,0.0,0.0,0.0,0.0,0.0,0.0,0.0,0.0,0.0,0.0,0.0,0.0,0.0,14.6
41,Jameis Winston,NO,QB,0.0,0.0,0.0,0.1,2.0,13.6,0.1,14.0,9.0,225.9,1.2,0.5,0.0,0.0,0.0,0.0,0.0,0.0,0.0,0.0,0.0,0.0,14.6
147,Pharoh Cooper,CAR,WR,8.4,109.0,0.6,0.0,0.0,0.2,0.0,0.0,0.0,0.0,0.0,0.0,0.0,0.0,0.0,0.0,0.0,0.0,0.0,0.0,0.0,0.0,14.5
148,Seth Roberts,CAR,WR,8.8,113.5,0.5,0.0,0.0,0.0,0.0,0.0,0.0,0.0,0.0,0.0,0.0,0.0,0.0,0.0,0.0,0.0,0.0,0.0,0.0,0.0,14.4
149,Jalen Guyton,LAC,WR,8.5,108.4,0.6,0.0,0.0,0.0,0.0,0.0,0.0,0.0,0.0,0.0,0.0,0.0,0.0,0.0,0.0,0.0,0.0,0.0,0.0,0.0,14.4
86,Albert Okwuegbunam,DEN,TE,8.0,84.0,1.0,0.0,0.0,0.0,0.0,0.0,0.0,0.0,0.0,0.0,0.0,0.0,0.0,0.0,0.0,0.0,0.0,0.0,0.0,0.0,14.4
109,Travis Homer,SEA,RB,6.5,56.6,0.1,0.1,13.1,50.6,0.5,0.0,0.0,0.0,0.0,0.0,0.0,0.0,0.0,0.0,0.0,0.0,0.0,0.0,0.0,0.0,14.3
42,Logan Woodside,TEN,QB,0.0,0.0,0.0,0.1,0.5,5.3,0.1,18.0,11.5,253.0,1.4,1.1,0.0,0.0,0.0,0.0,0.0,0.0,0.0,0.0,0.0,0.0,14.1
110,Ameer Abdullah,MIN,RB,6.5,65.0,0.3,0.1,4.7,43.4,0.3,0.0,0.0,0.0,0.0,0.0,0.0,0.0,0.0,0.0,0.0,0.0,0.0,0.0,0.0,0.0,14.1
88,Chris Manhertz,CAR,TE,7.7,94.6,0.8,0.0,0.0,0.0,0.0,0.0,0.0,0.0,0.0,0.0,0.0,0.0,0.0,0.0,0.0,0.0,0.0,0.0,0.0,0.0,14.1
87,Geoff Swaim,TEN,TE,8.0,81.0,1.0,0.0,0.0,0.0,0.0,0.0,0.0,0.0,0.0,0.0,0.0,0.0,0.0,0.0,0.0,0.0,0.0,0.0,0.0,0.0,14.1
150,Chad Beebe,MIN,WR,6.6,108.9,0.5,0.0,0.0,0.0,0.0,0.0,0.0,0.0,0.0,0.0,0.0,0.0,0.0,0.0,0.0,0.0,0.0,0.0,0.0,0.0,14.1
89,Derek Carrier,LV,TE,7.8,68.9,1.2,0.0,0.0,0.0,0.0,0.0,0.0,0.0,0.0,0.0,0.0,0.0,0.0,0.0,0.0,0.0,0.0,0.0,0.0,0.0,13.9
151,Tavon Austin,SF,WR,5.7,56.1,0.5,0.0,4.8,32.9,0.4,0.0,0.0,0.0,0.0,0.0,0.0,0.0,0.0,0.0,0.0,0.0,0.0,0.0,0.0,0.0,13.8
43,Mason Rudolph,PIT,QB,0.0,0.0,0.0,0.1,1.7,7.2,0.1,24.3,15.0,260.0,1.3,1.3,0.0,0.0,0.0,0.0,0.0,0.0,0.0,0.0,0.0,0.0,13.8
152,Christian Blake,ATL,WR,9.9,109.8,0.4,0.0,0.0,0.0,0.0,0.0,0.0,0.0,0.0,0.0,0.0,0.0,0.0,0.0,0.0,0.0,0.0,0.0,0.0,0.0,13.5
111,Dontrell Hilliard,CLE,RB,4.2,42.4,0.0,0.0,11.5,47.9,0.7,0.0,0.0,0.0,0.0,0.0,0.0,0.0,0.0,0.0,0.0,0.0,0.0,0.0,0.0,0.0,13.4
90,Blake Bell,DAL,TE,8.9,93.8,0.7,0.0,0.0,0.0,0.0,0.0,0.0,0.0,0.0,0.0,0.0,0.0,0.0,0.0,0.0,0.0,0.0,0.0,0.0,0.0,13.4
153,Andre Roberts,BUF,WR,8.0,103.8,0.5,0.0,0.0,0.0,0.0,0.0,0.0,0.0,0.0,0.0,0.0,0.0,0.0,0.0,0.0,0.0,0.0,0.0,0.0,0.0,13.3
154,Darrius Shepherd,GB,WR,7.4,98.4,0.5,0.0,0.0,0.0,0.0,0.0,0.0,0.0,0.0,0.0,0.0,0.0,0.0,0.0,0.0,0.0,0.0,0.0,0.0,0.0,12.9
155,Ryan Switzer,PIT,WR,9.6,99.9,0.4,0.0,0.2,1.7,0.0,0.0,0.0,0.0,0.0,0.0,0.0,0.0,0.0,0.0,0.0,0.0,0.0,0.0,0.0,0.0,12.8
112,Qadree Ollison,ATL,RB,1.2,10.0,0.0,0.0,16.4,51.2,1.1,0.0,0.0,0.0,0.0,0.0,0.0,0.0,0.0,0.0,0.0,0.0,0.0,0.0,0.0,0.0,12.8
156,Marcus Johnson,IND,WR,7.0,87.3,0.7,0.0,0.0,0.0,0.0,0.0,0.0,0.0,0.0,0.0,0.0,0.0,0.0,0.0,0.0,0.0,0.0,0.0,0.0,0.0,12.7
91,Khari Lee,ATL,TE,8.8,87.2,0.7,0.0,0.0,0.0,0.0,0.0,0.0,0.0,0.0,0.0,0.0,0.0,0.0,0.0,0.0,0.0,0.0,0.0,0.0,0.0,12.7
157,DeAndre Carter,HOU,WR,6.3,94.7,0.5,0.0,0.0,0.0,0.0,0.0,0.0,0.0,0.0,0.0,0.0,0.0,0.0,0.0,0.0,0.0,0.0,0.0,0.0,0.0,12.6
113,Jeremy McNichols,TEN,RB,1.9,16.8,0.0,0.0,16.2,77.8,0.5,0.0,0.0,0.0,0.0,0.0,0.0,0.0,0.0,0.0,0.0,0.0,0.0,0.0,0.0,0.0,12.5
158,Braxton Berrios,NYJ,WR,7.3,93.4,0.5,0.0,0.0,0.0,0.0,0.0,0.0,0.0,0.0,0.0,0.0,0.0,0.0,0.0,0.0,0.0,0.0,0.0,0.0,0.0,12.5
160,Corey Coleman,NYG,WR,6.1,94.0,0.5,0.0,0.0,0.0,0.0,0.0,0.0,0.0,0.0,0.0,0.0,0.0,0.0,0.0,0.0,0.0,0.0,0.0,0.0,0.0,12.4
159,Keke Coutee,HOU,WR,6.0,64.9,0.4,0.0,3.7,24.5,0.2,0.0,0.0,0.0,0.0,0.0,0.0,0.0,0.0,0.0,0.0,0.0,0.0,0.0,0.0,0.0,12.4
161,Gunner Olszewski,NE,WR,6.6,92.2,0.5,0.0,0.0,0.0,0.0,0.0,0.0,0.0,0.0,0.0,0.0,0.0,0.0,0.0,0.0,0.0,0.0,0.0,0.0,0.0,12.3
162,Malik Turner,GB,WR,6.8,89.6,0.6,0.0,0.0,0.0,0.0,0.0,0.0,0.0,0.0,0.0,0.0,0.0,0.0,0.0,0.0,0.0,0.0,0.0,0.0,0.0,12.3
44,Kyle Allen,WAS,QB,0.0,0.0,0.0,0.1,1.0,1.9,0.1,22.5,14.0,246.3,1.1,1.4,0.0,0.0,0.0,0.0,0.0,0.0,0.0,0.0,0.0,0.0,12.0
164,Dante Pettis,SF,WR,5.6,90.0,0.5,0.0,0.0,0.0,0.0,0.0,0.0,0.0,0.0,0.0,0.0,0.0,0.0,0.0,0.0,0.0,0.0,0.0,0.0,0.0,12.0
163,Cedrick Wilson,DAL,WR,7.8,98.9,0.4,0.0,0.0,0.0,0.0,0.0,0.0,0.0,0.0,0.0,0.0,0.0,0.0,0.0,0.0,0.0,0.0,0.0,0.0,0.0,12.0
45,Jacoby Brissett,IND,QB,0.0,0.0,0.0,0.1,1.0,9.7,0.1,5.5,3.0,179.8,1.0,0.5,0.0,0.0,0.0,0.0,0.0,0.0,0.0,0.0,0.0,0.0,11.9
114,T.J. Yeldon,BUF,RB,7.3,56.2,0.2,0.1,12.9,48.4,0.1,0.0,0.0,0.0,0.0,0.0,0.0,0.0,0.0,0.0,0.0,0.0,0.0,0.0,0.0,0.0,11.8
165,Cody Core,NYG,WR,6.1,82.4,0.6,0.0,0.0,0.0,0.0,0.0,0.0,0.0,0.0,0.0,0.0,0.0,0.0,0.0,0.0,0.0,0.0,0.0,0.0,0.0,11.7
115,D'Ernest Johnson,CLE,RB,3.4,36.0,0.0,0.0,11.0,51.2,0.5,0.0,0.0,0.0,0.0,0.0,0.0,0.0,0.0,0.0,0.0,0.0,0.0,0.0,0.0,0.0,11.7
92,Pharaoh Brown,CLE,TE,6.8,76.6,0.7,0.0,0.0,0.0,0.0,0.0,0.0,0.0,0.0,0.0,0.0,0.0,0.0,0.0,0.0,0.0,0.0,0.0,0.0,0.0,11.6
93,Codey McElroy,TB,TE,6.0,80.8,0.6,0.0,0.0,0.0,0.0,0.0,0.0,0.0,0.0,0.0,0.0,0.0,0.0,0.0,0.0,0.0,0.0,0.0,0.0,0.0,11.6
46,Jeff Driskel,DEN,QB,0.0,0.0,0.0,0.1,1.7,14.4,0.1,20.7,12.3,206.9,1.0,1.2,0.0,0.0,0.0,0.0,0.0,0.0,0.0,0.0,0.0,0.0,11.6
166,Jason Moore,LAC,WR,7.4,86.4,0.5,0.0,0.0,0.0,0.0,0.0,0.0,0.0,0.0,0.0,0.0,0.0,0.0,0.0,0.0,0.0,0.0,0.0,0.0,0.0,11.5
167,Byron Pringle,KC,WR,5.6,83.7,0.5,0.0,0.0,0.0,0.0,0.0,0.0,0.0,0.0,0.0,0.0,0.0,0.0,0.0,0.0,0.0,0.0,0.0,0.0,0.0,11.5
47,Jordan Love,GB,QB,0.0,0.0,0.0,0.0,4.0,18.5,0.0,19.0,11.5,136.0,1.0,0.0,0.0,0.0,0.0,0.0,0.0,0.0,0.0,0.0,0.0,0.0,11.3
168,Donte Moncrief,NYJ,WR,6.5,79.2,0.6,0.0,0.0,0.0,0.0,0.0,0.0,0.0,0.0,0.0,0.0,0.0,0.0,0.0,0.0,0.0,0.0,0.0,0.0,0.0,11.2
48,Blaine Gabbert,TB,QB,0.0,0.0,0.0,0.1,1.7,6.0,0.1,13.7,8.0,189.1,1.1,0.8,0.0,0.0,0.0,0.0,0.0,0.0,0.0,0.0,0.0,0.0,11.1
170,Justin Watson,TB,WR,6.2,86.5,0.3,0.0,0.4,2.7,0.0,0.0,0.0,0.0,0.0,0.0,0.0,0.0,0.0,0.0,0.0,0.0,0.0,0.0,0.0,0.0,10.9
169,Dezmon Patmon,IND,WR,6.5,81.2,0.5,0.0,0.0,0.0,0.0,0.0,0.0,0.0,0.0,0.0,0.0,0.0,0.0,0.0,0.0,0.0,0.0,0.0,0.0,0.0,10.9
49,Jarrett Stidham,NE,QB,0.0,0.0,0.0,0.0,3.7,9.7,0.0,25.3,15.7,179.0,1.0,0.7,0.0,0.0,0.0,0.0,0.0,0.0,0.0,0.0,0.0,0.0,10.8
94,Tommy Sweeney,BUF,TE,6.0,73.5,0.6,0.0,0.0,0.0,0.0,0.0,0.0,0.0,0.0,0.0,0.0,0.0,0.0,0.0,0.0,0.0,0.0,0.0,0.0,0.0,10.8
171,Josh Malone,NYJ,WR,6.5,79.0,0.5,0.0,0.0,0.0,0.0,0.0,0.0,0.0,0.0,0.0,0.0,0.0,0.0,0.0,0.0,0.0,0.0,0.0,0.0,0.0,10.7
95,Tanner Hudson,TB,TE,6.2,72.3,0.6,0.0,0.0,0.0,0.0,0.0,0.0,0.0,0.0,0.0,0.0,0.0,0.0,0.0,0.0,0.0,0.0,0.0,0.0,0.0,10.7
96,Eric Tomlinson,NYG,TE,7.4,67.4,0.7,0.0,0.0,0.0,0.0,0.0,0.0,0.0,0.0,0.0,0.0,0.0,0.0,0.0,0.0,0.0,0.0,0.0,0.0,0.0,10.7
97,J.P. Holtz,CHI,TE,6.5,71.1,0.6,0.0,0.0,0.0,0.0,0.0,0.0,0.0,0.0,0.0,0.0,0.0,0.0,0.0,0.0,0.0,0.0,0.0,0.0,0.0,10.6
98,Luke Willson,SEA,TE,6.8,65.0,0.7,0.0,0.0,0.0,0.0,0.0,0.0,0.0,0.0,0.0,0.0,0.0,0.0,0.0,0.0,0.0,0.0,0.0,0.0,0.0,10.6
172,Alex Erickson,CIN,WR,7.1,79.0,0.4,0.0,0.2,1.3,0.0,0.0,0.0,0.0,0.0,0.0,0.0,0.0,0.0,0.0,0.0,0.0,0.0,0.0,0.0,0.0,10.5
50,Andy Dalton,DAL,QB,0.0,0.0,0.0,0.1,1.7,8.1,0.0,12.3,8.0,188.6,0.8,0.7,0.0,0.0,0.0,0.0,0.0,0.0,0.0,0.0,0.0,0.0,10.5
51,Will Grier,CAR,QB,0.0,0.0,0.0,0.0,0.5,3.0,0.0,25.5,15.5,177.0,1.0,0.5,0.0,0.0,0.0,0.0,0.0,0.0,0.0,0.0,0.0,0.0,10.4
116,Alex Armah,CAR,RB,2.9,13.6,0.0,0.0,10.2,25.8,1.1,0.0,0.0,0.0,0.0,0.0,0.0,0.0,0.0,0.0,0.0,0.0,0.0,0.0,0.0,0.0,10.4
117,Alec Ingold,LV,RB,5.8,40.6,0.2,0.1,4.5,33.0,0.3,0.0,0.0,0.0,0.0,0.0,0.0,0.0,0.0,0.0,0.0,0.0,0.0,0.0,0.0,0.0,10.3
52,AJ McCarron,HOU,QB,0.0,0.0,0.0,0.1,0.7,6.4,0.0,17.3,11.0,189.0,1.0,0.9,0.0,0.0,0.0,0.0,0.0,0.0,0.0,0.0,0.0,0.0,10.3
53,Chase Daniel,DET,QB,0.0,0.0,0.0,0.0,1.7,8.5,0.0,14.0,8.3,188.5,0.8,0.7,0.0,0.0,0.0,0.0,0.0,0.0,0.0,0.0,0.0,0.0,10.2
99,Deon Yelder,KC,TE,5.6,60.9,0.7,0.0,0.0,0.0,0.0,0.0,0.0,0.0,0.0,0.0,0.0,0.0,0.0,0.0,0.0,0.0,0.0,0.0,0.0,0.0,10.1
118,Trayveon Williams,CIN,RB,3.1,24.6,0.1,0.0,25.0,64.3,0.1,0.0,0.0,0.0,0.0,0.0,0.0,0.0,0.0,0.0,0.0,0.0,0.0,0.0,0.0,0.0,10.0
173,Deonte Harris,NO,WR,5.7,70.6,0.5,0.0,0.0,0.0,0.0,0.0,0.0,0.0,0.0,0.0,0.0,0.0,0.0,0.0,0.0,0.0,0.0,0.0,0.0,0.0,9.8
120,Elijhaa Penny,NYG,RB,4.1,25.2,0.1,0.0,0.0,47.6,0.3,0.0,0.0,0.0,0.0,0.0,0.0,0.0,0.0,0.0,0.0,0.0,0.0,0.0,0.0,0.0,9.7
119,Jordan Wilkins,IND,RB,1.6,12.5,0.1,0.0,13.8,51.7,0.5,0.0,0.0,0.0,0.0,0.0,0.0,0.0,0.0,0.0,0.0,0.0,0.0,0.0,0.0,0.0,9.7
174,Cody Hollister,TEN,WR,4.4,75.2,0.4,0.0,0.0,0.0,0.0,0.0,0.0,0.0,0.0,0.0,0.0,0.0,0.0,0.0,0.0,0.0,0.0,0.0,0.0,0.0,9.7
102,Trevon Wesco,NYJ,TE,6.5,65.3,0.5,0.0,0.0,0.0,0.0,0.0,0.0,0.0,0.0,0.0,0.0,0.0,0.0,0.0,0.0,0.0,0.0,0.0,0.0,0.0,9.6
100,Luke Stocker,ATL,TE,6.6,65.7,0.5,0.0,0.0,0.0,0.0,0.0,0.0,0.0,0.0,0.0,0.0,0.0,0.0,0.0,0.0,0.0,0.0,0.0,0.0,0.0,9.6
101,Antony Auclair,TB,TE,6.0,61.2,0.6,0.0,0.0,0.0,0.0,0.0,0.0,0.0,0.0,0.0,0.0,0.0,0.0,0.0,0.0,0.0,0.0,0.0,0.0,0.0,9.6
175,Robert Foster,BUF,WR,5.3,70.9,0.4,0.0,0.0,0.0,0.0,0.0,0.0,0.0,0.0,0.0,0.0,0.0,0.0,0.0,0.0,0.0,0.0,0.0,0.0,0.0,9.4
176,Gary Jennings Jr.,MIA,WR,5.9,72.2,0.3,0.0,0.0,0.0,0.0,0.0,0.0,0.0,0.0,0.0,0.0,0.0,0.0,0.0,0.0,0.0,0.0,0.0,0.0,0.0,9.1
103,Durham Smythe,MIA,TE,6.4,60.3,0.5,0.0,0.0,0.0,0.0,0.0,0.0,0.0,0.0,0.0,0.0,0.0,0.0,0.0,0.0,0.0,0.0,0.0,0.0,0.0,9.0
121,Wayne Gallman,NYG,RB,3.0,22.0,0.1,0.0,18.4,58.7,0.1,0.0,0.0,0.0,0.0,0.0,0.0,0.0,0.0,0.0,0.0,0.0,0.0,0.0,0.0,0.0,9.0
104,Richard Rodgers,WAS,TE,7.3,72.9,0.3,0.0,0.0,0.0,0.0,0.0,0.0,0.0,0.0,0.0,0.0,0.0,0.0,0.0,0.0,0.0,0.0,0.0,0.0,0.0,8.9
177,Trent Sherfield,ARI,WR,4.7,67.0,0.4,0.0,0.0,0.0,0.0,0.0,0.0,0.0,0.0,0.0,0.0,0.0,0.0,0.0,0.0,0.0,0.0,0.0,0.0,0.0,8.8
122,Buddy Howell,HOU,RB,4.0,26.9,0.2,0.0,10.4,34.1,0.3,0.0,0.0,0.0,0.0,0.0,0.0,0.0,0.0,0.0,0.0,0.0,0.0,0.0,0.0,0.0,8.6
178,K.J. Osborn,MIN,WR,6.0,83.0,0.0,0.0,0.0,0.0,0.0,0.0,0.0,0.0,0.0,0.0,0.0,0.0,0.0,0.0,0.0,0.0,0.0,0.0,0.0,0.0,8.3
123,Khari Blasingame,TEN,RB,4.8,36.1,0.2,0.0,13.2,33.2,0.1,0.0,0.0,0.0,0.0,0.0,0.0,0.0,0.0,0.0,0.0,0.0,0.0,0.0,0.0,0.0,8.3
179,Rashard Davis,TEN,WR,4.9,63.0,0.3,0.0,0.0,0.0,0.0,0.0,0.0,0.0,0.0,0.0,0.0,0.0,0.0,0.0,0.0,0.0,0.0,0.0,0.0,0.0,8.3
180,Chris Lacy,DET,WR,5.2,62.8,0.3,0.0,0.0,0.0,0.0,0.0,0.0,0.0,0.0,0.0,0.0,0.0,0.0,0.0,0.0,0.0,0.0,0.0,0.0,0.0,8.2
125,Tyler Ervin,GB,RB,7.5,50.7,0.1,0.0,7.6,25.2,0.0,0.0,0.0,0.0,0.0,0.0,0.0,0.0,0.0,0.0,0.0,0.0,0.0,0.0,0.0,0.0,8.1
181,Quintez Cephus,DET,WR,4.9,59.7,0.4,0.0,0.0,0.0,0.0,0.0,0.0,0.0,0.0,0.0,0.0,0.0,0.0,0.0,0.0,0.0,0.0,0.0,0.0,0.0,8.1
126,James Robinson,JAC,RB,2.1,15.9,0.1,0.1,0.0,44.0,0.3,0.0,0.0,0.0,0.0,0.0,0.0,0.0,0.0,0.0,0.0,0.0,0.0,0.0,0.0,0.0,8.1
124,Theo Riddick,LV,RB,5.4,37.3,0.3,0.0,4.9,19.3,0.2,0.0,0.0,0.0,0.0,0.0,0.0,0.0,0.0,0.0,0.0,0.0,0.0,0.0,0.0,0.0,8.1
54,Geno Smith,SEA,QB,0.0,0.0,0.0,0.0,5.0,5.0,0.0,16.0,8.0,91.0,1.0,0.0,0.0,0.0,0.0,0.0,0.0,0.0,0.0,0.0,0.0,0.0,8.1
105,Troy Fumagalli,DEN,TE,5.6,54.8,0.4,0.0,0.0,0.0,0.0,0.0,0.0,0.0,0.0,0.0,0.0,0.0,0.0,0.0,0.0,0.0,0.0,0.0,0.0,0.0,7.9
127,Peyton Barber,WAS,RB,1.9,14.6,0.0,0.1,17.5,53.1,0.2,0.0,0.0,0.0,0.0,0.0,0.0,0.0,0.0,0.0,0.0,0.0,0.0,0.0,0.0,0.0,7.7
55,Colt McCoy,NYG,QB,0.0,0.0,0.0,0.0,0.7,3.7,0.0,22.3,13.7,150.7,0.7,0.7,0.0,0.0,0.0,0.0,0.0,0.0,0.0,0.0,0.0,0.0,7.7
56,Joshua Dobbs,JAC,QB,0.0,0.0,0.0,0.0,2.0,8.0,0.0,25.5,14.0,169.5,0.5,1.0,0.0,0.0,0.0,0.0,0.0,0.0,0.0,0.0,0.0,0.0,7.6
57,Ryan Finley,CIN,QB,0.0,0.0,0.0,0.0,2.7,10.3,0.0,16.3,10.0,113.7,0.7,0.3,0.0,0.0,0.0,0.0,0.0,0.0,0.0,0.0,0.0,0.0,7.6
182,Devin Gray,ATL,WR,4.4,54.0,0.3,0.0,0.0,0.0,0.0,0.0,0.0,0.0,0.0,0.0,0.0,0.0,0.0,0.0,0.0,0.0,0.0,0.0,0.0,0.0,7.4
128,Keith Smith,ATL,RB,4.7,28.0,0.2,0.0,5.8,23.6,0.2,0.0,0.0,0.0,0.0,0.0,0.0,0.0,0.0,0.0,0.0,0.0,0.0,0.0,0.0,0.0,7.4
106,Johnny Mundt,LAR,TE,4.7,48.6,0.4,0.0,0.0,0.0,0.0,0.0,0.0,0.0,0.0,0.0,0.0,0.0,0.0,0.0,0.0,0.0,0.0,0.0,0.0,0.0,7.3
183,Alexander Hollins,MIN,WR,3.8,53.2,0.3,0.0,0.0,0.0,0.0,0.0,0.0,0.0,0.0,0.0,0.0,0.0,0.0,0.0,0.0,0.0,0.0,0.0,0.0,0.0,7.2
184,Daurice Fountain,IND,WR,3.8,52.6,0.3,0.0,0.0,0.0,0.0,0.0,0.0,0.0,0.0,0.0,0.0,0.0,0.0,0.0,0.0,0.0,0.0,0.0,0.0,0.0,7.1
129,Wendell Smallwood,PIT,RB,4.3,33.7,0.2,0.0,4.2,17.3,0.2,0.0,0.0,0.0,0.0,0.0,0.0,0.0,0.0,0.0,0.0,0.0,0.0,0.0,0.0,0.0,7.1
58,Case Keenum,CLE,QB,0.0,0.0,0.0,0.0,0.7,1.7,0.0,19.0,12.0,137.0,0.7,0.7,0.0,0.0,0.0,0.0,0.0,0.0,0.0,0.0,0.0,0.0,7.0
185,Amara Darboh,PIT,WR,3.9,50.0,0.3,0.0,0.0,0.0,0.0,0.0,0.0,0.0,0.0,0.0,0.0,0.0,0.0,0.0,0.0,0.0,0.0,0.0,0.0,0.0,6.9
130,Patrick Ricard,BAL,RB,6.4,44.8,0.3,0.0,1.0,2.5,0.0,0.0,0.0,0.0,0.0,0.0,0.0,0.0,0.0,0.0,0.0,0.0,0.0,0.0,0.0,0.0,6.8
186,Darius Jennings,LAC,WR,4.2,51.8,0.3,0.0,0.0,0.0,0.0,0.0,0.0,0.0,0.0,0.0,0.0,0.0,0.0,0.0,0.0,0.0,0.0,0.0,0.0,0.0,6.8
107,Tyler Conklin,MIN,TE,4.3,47.6,0.3,0.0,0.0,0.0,0.0,0.0,0.0,0.0,0.0,0.0,0.0,0.0,0.0,0.0,0.0,0.0,0.0,0.0,0.0,0.0,6.8
59,Robert Griffin,BAL,QB,0.0,0.0,0.0,0.0,3.3,15.0,0.0,12.7,8.0,96.3,0.7,0.7,0.0,0.0,0.0,0.0,0.0,0.0,0.0,0.0,0.0,0.0,6.7
131,Bobby Holly,LAC,RB,4.6,26.0,0.2,0.0,0.0,17.0,0.2,0.0,0.0,0.0,0.0,0.0,0.0,0.0,0.0,0.0,0.0,0.0,0.0,0.0,0.0,0.0,6.6
187,Tevin Jones,DAL,WR,3.5,47.5,0.3,0.0,0.0,0.0,0.0,0.0,0.0,0.0,0.0,0.0,0.0,0.0,0.0,0.0,0.0,0.0,0.0,0.0,0.0,0.0,6.6
189,Chris Moore,BAL,WR,4.0,45.4,0.3,0.0,0.0,0.0,0.0,0.0,0.0,0.0,0.0,0.0,0.0,0.0,0.0,0.0,0.0,0.0,0.0,0.0,0.0,0.0,6.5
188,Gehrig Dieter,KC,WR,3.5,46.1,0.3,0.0,0.0,0.0,0.0,0.0,0.0,0.0,0.0,0.0,0.0,0.0,0.0,0.0,0.0,0.0,0.0,0.0,0.0,0.0,6.5
190,Khadarel Hodge,CLE,WR,3.6,45.0,0.3,0.0,0.0,0.0,0.0,0.0,0.0,0.0,0.0,0.0,0.0,0.0,0.0,0.0,0.0,0.0,0.0,0.0,0.0,0.0,6.4
191,Deon Cain,PIT,WR,3.5,45.9,0.3,0.0,0.0,0.0,0.0,0.0,0.0,0.0,0.0,0.0,0.0,0.0,0.0,0.0,0.0,0.0,0.0,0.0,0.0,0.0,6.4
132,Tony Jones Jr.,NO,RB,2.9,21.0,0.1,0.0,0.0,26.5,0.2,0.0,0.0,0.0,0.0,0.0,0.0,0.0,0.0,0.0,0.0,0.0,0.0,0.0,0.0,0.0,6.4
108,Eric Saubert,CHI,TE,4.6,45.0,0.3,0.0,0.0,0.0,0.0,0.0,0.0,0.0,0.0,0.0,0.0,0.0,0.0,0.0,0.0,0.0,0.0,0.0,0.0,0.0,6.4
110,Stephen Carlson,CLE,TE,4.1,42.2,0.3,0.0,0.0,0.0,0.0,0.0,0.0,0.0,0.0,0.0,0.0,0.0,0.0,0.0,0.0,0.0,0.0,0.0,0.0,0.0,6.3
109,Isaac Nauta,DET,TE,4.4,44.2,0.3,0.0,0.0,0.0,0.0,0.0,0.0,0.0,0.0,0.0,0.0,0.0,0.0,0.0,0.0,0.0,0.0,0.0,0.0,0.0,6.3
192,Noah Brown,DAL,WR,3.6,45.8,0.3,0.0,0.0,0.0,0.0,0.0,0.0,0.0,0.0,0.0,0.0,0.0,0.0,0.0,0.0,0.0,0.0,0.0,0.0,0.0,6.3
193,Hakeem Butler,ARI,WR,3.6,49.6,0.2,0.0,0.0,0.0,0.0,0.0,0.0,0.0,0.0,0.0,0.0,0.0,0.0,0.0,0.0,0.0,0.0,0.0,0.0,0.0,6.3
194,Austin Carr,NO,WR,3.6,44.2,0.3,0.0,0.0,0.0,0.0,0.0,0.0,0.0,0.0,0.0,0.0,0.0,0.0,0.0,0.0,0.0,0.0,0.0,0.0,0.0,6.3
195,Brandon Powell,ATL,WR,3.7,49.4,0.2,0.0,0.0,0.0,0.0,0.0,0.0,0.0,0.0,0.0,0.0,0.0,0.0,0.0,0.0,0.0,0.0,0.0,0.0,0.0,6.3
196,Isaac Whitney,HOU,WR,3.7,46.2,0.3,0.0,0.0,0.0,0.0,0.0,0.0,0.0,0.0,0.0,0.0,0.0,0.0,0.0,0.0,0.0,0.0,0.0,0.0,0.0,6.3
60,Sean Mannion,MIN,QB,0.0,0.0,0.0,0.0,1.7,2.0,0.0,18.0,10.7,134.0,0.3,0.3,0.0,0.0,0.0,0.0,0.0,0.0,0.0,0.0,0.0,0.0,6.2
197,J'Mon Moore,CLE,WR,3.5,45.1,0.3,0.0,0.0,0.0,0.0,0.0,0.0,0.0,0.0,0.0,0.0,0.0,0.0,0.0,0.0,0.0,0.0,0.0,0.0,0.0,6.1
198,Deontay Burnett,PHI,WR,3.5,41.4,0.3,0.0,0.0,0.0,0.0,0.0,0.0,0.0,0.0,0.0,0.0,0.0,0.0,0.0,0.0,0.0,0.0,0.0,0.0,0.0,6.1
111,Xavier Grimble,IND,TE,3.7,41.3,0.3,0.0,0.0,0.0,0.0,0.0,0.0,0.0,0.0,0.0,0.0,0.0,0.0,0.0,0.0,0.0,0.0,0.0,0.0,0.0,6.0
199,Keith Kirkwood,CAR,WR,3.7,47.6,0.2,0.0,0.0,0.0,0.0,0.0,0.0,0.0,0.0,0.0,0.0,0.0,0.0,0.0,0.0,0.0,0.0,0.0,0.0,0.0,6.0
202,Michael Walker,JAC,WR,3.8,47.9,0.2,0.0,0.0,0.0,0.0,0.0,0.0,0.0,0.0,0.0,0.0,0.0,0.0,0.0,0.0,0.0,0.0,0.0,0.0,0.0,5.9
201,Nsimba Webster,LAR,WR,2.9,43.7,0.3,0.0,0.0,0.0,0.0,0.0,0.0,0.0,0.0,0.0,0.0,0.0,0.0,0.0,0.0,0.0,0.0,0.0,0.0,0.0,5.9
200,Chad Hansen,HOU,WR,3.6,44.2,0.3,0.0,0.0,0.0,0.0,0.0,0.0,0.0,0.0,0.0,0.0,0.0,0.0,0.0,0.0,0.0,0.0,0.0,0.0,0.0,5.9
61,Brett Hundley,ARI,QB,0.0,0.0,0.0,0.0,2.0,8.0,0.0,11.5,7.0,74.0,0.5,0.0,0.0,0.0,0.0,0.0,0.0,0.0,0.0,0.0,0.0,0.0,5.8
204,Damion Ratley,CLE,WR,3.3,43.0,0.2,0.0,0.0,0.0,0.0,0.0,0.0,0.0,0.0,0.0,0.0,0.0,0.0,0.0,0.0,0.0,0.0,0.0,0.0,0.0,5.7
203,Kevin White,SF,WR,3.4,41.1,0.3,0.0,0.0,0.0,0.0,0.0,0.0,0.0,0.0,0.0,0.0,0.0,0.0,0.0,0.0,0.0,0.0,0.0,0.0,0.0,5.7
206,Diontae Spencer,DEN,WR,3.8,45.0,0.2,0.0,0.0,0.0,0.0,0.0,0.0,0.0,0.0,0.0,0.0,0.0,0.0,0.0,0.0,0.0,0.0,0.0,0.0,0.0,5.6
205,Jeff Smith,NYJ,WR,3.5,43.3,0.2,0.0,0.0,0.0,0.0,0.0,0.0,0.0,0.0,0.0,0.0,0.0,0.0,0.0,0.0,0.0,0.0,0.0,0.0,0.0,5.6
208,Steven Mitchell Jr.,HOU,WR,3.4,42.1,0.2,0.0,0.0,0.0,0.0,0.0,0.0,0.0,0.0,0.0,0.0,0.0,0.0,0.0,0.0,0.0,0.0,0.0,0.0,0.0,5.5
207,Marcell Ateman,LV,WR,2.2,42.9,0.2,0.0,0.0,0.0,0.0,0.0,0.0,0.0,0.0,0.0,0.0,0.0,0.0,0.0,0.0,0.0,0.0,0.0,0.0,0.0,5.5
62,Matt Barkley,BUF,QB,0.0,0.0,0.0,0.0,1.7,1.7,0.0,12.3,7.7,83.3,0.7,0.3,0.0,0.0,0.0,0.0,0.0,0.0,0.0,0.0,0.0,0.0,5.5
133,Derek Watt,PIT,RB,3.7,24.6,0.2,0.0,4.3,10.8,0.1,0.0,0.0,0.0,0.0,0.0,0.0,0.0,0.0,0.0,0.0,0.0,0.0,0.0,0.0,0.0,5.4
112,Ross Travis,NYJ,TE,3.6,35.0,0.3,0.0,0.0,0.0,0.0,0.0,0.0,0.0,0.0,0.0,0.0,0.0,0.0,0.0,0.0,0.0,0.0,0.0,0.0,0.0,5.4
211,Robert Davis,PHI,WR,3.2,36.7,0.3,0.0,0.0,0.0,0.0,0.0,0.0,0.0,0.0,0.0,0.0,0.0,0.0,0.0,0.0,0.0,0.0,0.0,0.0,0.0,5.4
210,C.J. Board,NYG,WR,3.4,44.0,0.2,0.0,0.0,0.0,0.0,0.0,0.0,0.0,0.0,0.0,0.0,0.0,0.0,0.0,0.0,0.0,0.0,0.0,0.0,0.0,5.4
209,Ashton Dulin,IND,WR,3.1,42.8,0.2,0.0,0.0,0.0,0.0,0.0,0.0,0.0,0.0,0.0,0.0,0.0,0.0,0.0,0.0,0.0,0.0,0.0,0.0,0.0,5.4
134,Patrick DiMarco,BUF,RB,3.8,26.5,0.2,0.0,3.7,10.2,0.1,0.0,0.0,0.0,0.0,0.0,0.0,0.0,0.0,0.0,0.0,0.0,0.0,0.0,0.0,0.0,5.3
113,Stephen Anderson,LAC,TE,3.5,33.8,0.3,0.0,0.0,0.0,0.0,0.0,0.0,0.0,0.0,0.0,0.0,0.0,0.0,0.0,0.0,0.0,0.0,0.0,0.0,0.0,5.2
63,Matt Schaub,ATL,QB,0.0,0.0,0.0,0.0,2.0,1.5,0.0,13.0,9.0,97.0,0.5,0.5,0.0,0.0,0.0,0.0,0.0,0.0,0.0,0.0,0.0,0.0,5.0
212,Olamide Zaccheaus,ATL,WR,2.9,40.8,0.2,0.0,0.0,0.0,0.0,0.0,0.0,0.0,0.0,0.0,0.0,0.0,0.0,0.0,0.0,0.0,0.0,0.0,0.0,0.0,5.0
64,David Blough,DET,QB,0.0,0.0,0.0,0.0,2.0,8.5,0.0,11.5,7.0,79.5,0.5,0.5,0.0,0.0,0.0,0.0,0.0,0.0,0.0,0.0,0.0,0.0,5.0
114,Lee Smith,BUF,TE,3.7,30.6,0.3,0.0,0.0,0.0,0.0,0.0,0.0,0.0,0.0,0.0,0.0,0.0,0.0,0.0,0.0,0.0,0.0,0.0,0.0,0.0,4.9
213,Fred Brown,DEN,WR,3.2,39.6,0.2,0.0,0.0,0.0,0.0,0.0,0.0,0.0,0.0,0.0,0.0,0.0,0.0,0.0,0.0,0.0,0.0,0.0,0.0,0.0,4.9
135,Anthony Sherman,KC,RB,4.1,28.3,0.3,0.0,1.6,3.4,0.0,0.0,0.0,0.0,0.0,0.0,0.0,0.0,0.0,0.0,0.0,0.0,0.0,0.0,0.0,0.0,4.9
65,Chad Henne,KC,QB,0.0,0.0,0.0,0.0,0.7,3.0,0.0,10.7,7.0,79.7,0.3,0.0,0.0,0.0,0.0,0.0,0.0,0.0,0.0,0.0,0.0,0.0,4.8
66,Brian Hoyer,NE,QB,0.0,0.0,0.0,0.0,3.0,2.0,0.0,10.0,6.0,64.5,0.5,0.0,0.0,0.0,0.0,0.0,0.0,0.0,0.0,0.0,0.0,0.0,4.8
214,Isaiah Hodgins,BUF,WR,2.4,35.8,0.2,0.0,0.0,0.0,0.0,0.0,0.0,0.0,0.0,0.0,0.0,0.0,0.0,0.0,0.0,0.0,0.0,0.0,0.0,0.0,4.7
136,Jonathan Williams,DET,RB,2.3,16.3,0.1,0.0,3.7,15.0,0.2,0.0,0.0,0.0,0.0,0.0,0.0,0.0,0.0,0.0,0.0,0.0,0.0,0.0,0.0,0.0,4.6
67,Nick Mullens,SF,QB,0.0,0.0,0.0,0.0,1.7,1.7,0.0,15.3,9.7,112.0,0.3,0.7,0.0,0.0,0.0,0.0,0.0,0.0,0.0,0.0,0.0,0.0,4.6
137,Nick Bellore,SEA,RB,3.9,26.6,0.2,0.0,1.0,2.5,0.0,0.0,0.0,0.0,0.0,0.0,0.0,0.0,0.0,0.0,0.0,0.0,0.0,0.0,0.0,0.0,4.2
138,Andrew Beck,DEN,RB,4.0,28.9,0.2,0.0,0.9,3.5,0.0,0.0,0.0,0.0,0.0,0.0,0.0,0.0,0.0,0.0,0.0,0.0,0.0,0.0,0.0,0.0,4.2
139,Taiwan Jones,BUF,RB,2.6,27.5,0.1,0.0,0.6,4.4,0.0,0.0,0.0,0.0,0.0,0.0,0.0,0.0,0.0,0.0,0.0,0.0,0.0,0.0,0.0,0.0,4.1
68,Trevor Siemian,TEN,QB,0.0,0.0,0.0,0.0,0.5,1.5,0.0,8.0,5.0,49.5,0.5,0.0,0.0,0.0,0.0,0.0,0.0,0.0,0.0,0.0,0.0,0.0,4.1
69,Joe Flacco,NYJ,QB,0.0,0.0,0.0,0.0,1.5,5.5,0.0,9.0,5.5,62.5,0.5,0.5,0.0,0.0,0.0,0.0,0.0,0.0,0.0,0.0,0.0,0.0,4.1
215,Brandon Zylstra,CAR,WR,2.2,26.5,0.2,0.0,0.0,0.0,0.0,0.0,0.0,0.0,0.0,0.0,0.0,0.0,0.0,0.0,0.0,0.0,0.0,0.0,0.0,0.0,3.9
216,Matt Slater,NE,WR,1.4,33.0,0.1,0.0,0.0,0.0,0.0,0.0,0.0,0.0,0.0,0.0,0.0,0.0,0.0,0.0,0.0,0.0,0.0,0.0,0.0,0.0,3.8
217,Bennie Fowler III,NO,WR,2.4,27.6,0.2,0.0,0.0,0.0,0.0,0.0,0.0,0.0,0.0,0.0,0.0,0.0,0.0,0.0,0.0,0.0,0.0,0.0,0.0,0.0,3.7
218,John Hightower,PHI,WR,2.2,26.4,0.2,0.0,0.0,0.0,0.0,0.0,0.0,0.0,0.0,0.0,0.0,0.0,0.0,0.0,0.0,0.0,0.0,0.0,0.0,0.0,3.7
115,Cethan Carter,CIN,TE,2.8,27.7,0.2,0.0,0.0,0.0,0.0,0.0,0.0,0.0,0.0,0.0,0.0,0.0,0.0,0.0,0.0,0.0,0.0,0.0,0.0,0.0,3.7
142,John Kelly,LAR,RB,1.1,8.2,0.0,0.0,4.5,17.7,0.2,0.0,0.0,0.0,0.0,0.0,0.0,0.0,0.0,0.0,0.0,0.0,0.0,0.0,0.0,0.0,3.6
141,Senorise Perry,TEN,RB,0.8,6.0,0.0,0.0,4.9,20.1,0.2,0.0,0.0,0.0,0.0,0.0,0.0,0.0,0.0,0.0,0.0,0.0,0.0,0.0,0.0,0.0,3.6
140,Dwayne Washington,NO,RB,0.9,6.4,0.0,0.0,5.0,19.9,0.2,0.0,0.0,0.0,0.0,0.0,0.0,0.0,0.0,0.0,0.0,0.0,0.0,0.0,0.0,0.0,3.6
219,Jehu Chesson,NYJ,WR,1.6,19.7,0.2,0.0,0.8,5.6,0.0,0.0,0.0,0.0,0.0,0.0,0.0,0.0,0.0,0.0,0.0,0.0,0.0,0.0,0.0,0.0,3.4
143,Dexter Williams,GB,RB,0.8,6.3,0.0,0.0,4.4,17.6,0.2,0.0,0.0,0.0,0.0,0.0,0.0,0.0,0.0,0.0,0.0,0.0,0.0,0.0,0.0,0.0,3.4
117,Jason Croom,BUF,TE,2.3,23.2,0.2,0.0,0.0,0.0,0.0,0.0,0.0,0.0,0.0,0.0,0.0,0.0,0.0,0.0,0.0,0.0,0.0,0.0,0.0,0.0,3.3
116,Daniel Brown,NYJ,TE,2.5,23.3,0.2,0.0,0.0,0.0,0.0,0.0,0.0,0.0,0.0,0.0,0.0,0.0,0.0,0.0,0.0,0.0,0.0,0.0,0.0,0.0,3.3
220,Keelan Doss,LV,WR,2.0,23.9,0.2,0.0,0.0,0.0,0.0,0.0,0.0,0.0,0.0,0.0,0.0,0.0,0.0,0.0,0.0,0.0,0.0,0.0,0.0,0.0,3.3
221,Jauan Jennings,SF,WR,2.1,25.3,0.1,0.0,0.0,0.0,0.0,0.0,0.0,0.0,0.0,0.0,0.0,0.0,0.0,0.0,0.0,0.0,0.0,0.0,0.0,0.0,3.3
144,Trey Edmunds,PIT,RB,0.8,6.6,0.0,0.0,4.1,16.7,0.2,0.0,0.0,0.0,0.0,0.0,0.0,0.0,0.0,0.0,0.0,0.0,0.0,0.0,0.0,0.0,3.3
223,Travis Fulgham,PHI,WR,1.7,22.4,0.2,0.0,0.0,0.0,0.0,0.0,0.0,0.0,0.0,0.0,0.0,0.0,0.0,0.0,0.0,0.0,0.0,0.0,0.0,0.0,3.2
222,Cam Sims,WAS,WR,1.3,23.9,0.1,0.0,0.0,0.0,0.0,0.0,0.0,0.0,0.0,0.0,0.0,0.0,0.0,0.0,0.0,0.0,0.0,0.0,0.0,0.0,3.2
70,Mike Glennon,JAC,QB,0.0,0.0,0.0,1.0,1.5,1.5,0.0,11.5,7.0,77.0,0.5,0.0,0.0,0.0,0.0,0.0,0.0,0.0,0.0,0.0,0.0,0.0,3.2
145,Samaje Perine,CIN,RB,0.8,6.2,0.0,0.0,3.9,15.2,0.2,0.0,0.0,0.0,0.0,0.0,0.0,0.0,0.0,0.0,0.0,0.0,0.0,0.0,0.0,0.0,3.1
118,Zach Gentry,PIT,TE,2.0,20.9,0.2,0.0,0.0,0.0,0.0,0.0,0.0,0.0,0.0,0.0,0.0,0.0,0.0,0.0,0.0,0.0,0.0,0.0,0.0,0.0,3.1
224,Mike Thomas,CIN,WR,1.7,21.8,0.2,0.0,0.0,0.0,0.0,0.0,0.0,0.0,0.0,0.0,0.0,0.0,0.0,0.0,0.0,0.0,0.0,0.0,0.0,0.0,3.1
225,Stanley Morgan Jr.,CIN,WR,1.7,21.3,0.2,0.0,0.0,0.0,0.0,0.0,0.0,0.0,0.0,0.0,0.0,0.0,0.0,0.0,0.0,0.0,0.0,0.0,0.0,0.0,3.0
226,Tyron Johnson,LAC,WR,1.7,21.1,0.1,0.0,0.0,0.0,0.0,0.0,0.0,0.0,0.0,0.0,0.0,0.0,0.0,0.0,0.0,0.0,0.0,0.0,0.0,0.0,2.9
227,De'Mornay Pierson-El,LV,WR,1.4,22.5,0.1,0.0,0.0,0.0,0.0,0.0,0.0,0.0,0.0,0.0,0.0,0.0,0.0,0.0,0.0,0.0,0.0,0.0,0.0,0.0,2.9
146,Tony Brooks-James,MIN,RB,0.8,6.1,0.0,0.0,3.4,13.6,0.2,0.0,0.0,0.0,0.0,0.0,0.0,0.0,0.0,0.0,0.0,0.0,0.0,0.0,0.0,0.0,2.9
228,Lil'Jordan Humphrey,NO,WR,1.2,20.2,0.1,0.0,0.0,0.0,0.0,0.0,0.0,0.0,0.0,0.0,0.0,0.0,0.0,0.0,0.0,0.0,0.0,0.0,0.0,0.0,2.8
71,Jacob Eason,IND,QB,0.0,0.0,0.0,0.0,1.0,2.0,0.0,10.0,6.0,64.0,0.0,0.0,0.0,0.0,0.0,0.0,0.0,0.0,0.0,0.0,0.0,0.0,2.8
147,Jakob Johnson,NE,RB,1.7,13.4,0.1,0.0,1.4,5.5,0.0,0.0,0.0,0.0,0.0,0.0,0.0,0.0,0.0,0.0,0.0,0.0,0.0,0.0,0.0,0.0,2.7
229,Marcus Kemp,KC,WR,1.3,20.4,0.1,0.0,0.0,0.0,0.0,0.0,0.0,0.0,0.0,0.0,0.0,0.0,0.0,0.0,0.0,0.0,0.0,0.0,0.0,0.0,2.6
230,Rico Gafford,LV,WR,1.4,17.8,0.1,0.0,0.0,0.0,0.0,0.0,0.0,0.0,0.0,0.0,0.0,0.0,0.0,0.0,0.0,0.0,0.0,0.0,0.0,0.0,2.6
231,Andre Patton,ARI,WR,1.3,17.3,0.1,0.0,0.0,0.0,0.0,0.0,0.0,0.0,0.0,0.0,0.0,0.0,0.0,0.0,0.0,0.0,0.0,0.0,0.0,0.0,2.5
119,Jordan Franks,CIN,TE,1.5,14.9,0.2,0.0,0.0,0.0,0.0,0.0,0.0,0.0,0.0,0.0,0.0,0.0,0.0,0.0,0.0,0.0,0.0,0.0,0.0,0.0,2.4
232,Jaleel Scott,BAL,WR,1.2,14.7,0.2,0.0,0.0,0.0,0.0,0.0,0.0,0.0,0.0,0.0,0.0,0.0,0.0,0.0,0.0,0.0,0.0,0.0,0.0,0.0,2.4
233,DeAndrew White,BAL,WR,1.4,17.1,0.1,0.0,0.0,0.0,0.0,0.0,0.0,0.0,0.0,0.0,0.0,0.0,0.0,0.0,0.0,0.0,0.0,0.0,0.0,0.0,2.3
234,Josh Bellamy,NYJ,WR,1.6,19.2,0.1,0.0,0.0,0.0,0.0,0.0,0.0,0.0,0.0,0.0,0.0,0.0,0.0,0.0,0.0,0.0,0.0,0.0,0.0,0.0,2.2
121,Tyrone Swoopes,PHI,TE,1.1,11.3,0.2,0.0,0.0,0.0,0.0,0.0,0.0,0.0,0.0,0.0,0.0,0.0,0.0,0.0,0.0,0.0,0.0,0.0,0.0,0.0,2.1
120,Ross Dwelley,SF,TE,1.2,11.3,0.2,0.0,0.0,0.0,0.0,0.0,0.0,0.0,0.0,0.0,0.0,0.0,0.0,0.0,0.0,0.0,0.0,0.0,0.0,0.0,2.1
235,JoJo Natson,CLE,WR,0.7,19.4,0.0,0.0,0.0,0.0,0.0,0.0,0.0,0.0,0.0,0.0,0.0,0.0,0.0,0.0,0.0,0.0,0.0,0.0,0.0,0.0,2.1
122,Evan Baylis,GB,TE,1.1,11.9,0.2,0.0,0.0,0.0,0.0,0.0,0.0,0.0,0.0,0.0,0.0,0.0,0.0,0.0,0.0,0.0,0.0,0.0,0.0,0.0,2.1
236,Ventell Bryant,DAL,WR,1.0,13.9,0.1,0.0,0.0,0.0,0.0,0.0,0.0,0.0,0.0,0.0,0.0,0.0,0.0,0.0,0.0,0.0,0.0,0.0,0.0,0.0,2.0
123,Alex Ellis,NE,TE,1.0,9.9,0.2,0.0,0.0,0.0,0.0,0.0,0.0,0.0,0.0,0.0,0.0,0.0,0.0,0.0,0.0,0.0,0.0,0.0,0.0,0.0,1.9
124,Cole Hikutini,DAL,TE,1.0,10.3,0.1,0.0,0.0,0.0,0.0,0.0,0.0,0.0,0.0,0.0,0.0,0.0,0.0,0.0,0.0,0.0,0.0,0.0,0.0,0.0,1.8
148,Michael Burton,NO,RB,1.3,9.1,0.0,0.0,1.9,7.7,0.0,0.0,0.0,0.0,0.0,0.0,0.0,0.0,0.0,0.0,0.0,0.0,0.0,0.0,0.0,0.0,1.7
149,Josh Adams,NYJ,RB,1.2,8.5,0.0,0.0,2.0,8.3,0.0,0.0,0.0,0.0,0.0,0.0,0.0,0.0,0.0,0.0,0.0,0.0,0.0,0.0,0.0,0.0,1.7
238,Tommylee Lewis,CAR,WR,1.1,13.7,0.0,0.0,0.0,0.0,0.0,0.0,0.0,0.0,0.0,0.0,0.0,0.0,0.0,0.0,0.0,0.0,0.0,0.0,0.0,0.0,1.4
237,Chris Thompson,JAC,WR,0.9,11.5,0.0,0.0,0.0,0.0,0.0,0.0,0.0,0.0,0.0,0.0,0.0,0.0,0.0,0.0,0.0,0.0,0.0,0.0,0.0,0.0,1.4
150,D.J. Foster,ARI,RB,0.8,6.3,0.0,0.0,1.7,6.8,0.0,0.0,0.0,0.0,0.0,0.0,0.0,0.0,0.0,0.0,0.0,0.0,0.0,0.0,0.0,0.0,1.3
125,Hale Hentges,WAS,TE,1.0,10.8,0.0,0.0,0.0,0.0,0.0,0.0,0.0,0.0,0.0,0.0,0.0,0.0,0.0,0.0,0.0,0.0,0.0,0.0,0.0,0.0,1.3
151,Cullen Gillaspia,HOU,RB,1.0,6.9,0.0,0.0,1.5,5.9,0.0,0.0,0.0,0.0,0.0,0.0,0.0,0.0,0.0,0.0,0.0,0.0,0.0,0.0,0.0,0.0,1.3
239,Ishmael Hyman,CAR,WR,1.0,12.4,0.0,0.0,0.0,0.0,0.0,0.0,0.0,0.0,0.0,0.0,0.0,0.0,0.0,0.0,0.0,0.0,0.0,0.0,0.0,0.0,1.2
152,Elijah McGuire,KC,RB,0.8,6.9,0.0,0.0,1.2,4.7,0.0,0.0,0.0,0.0,0.0,0.0,0.0,0.0,0.0,0.0,0.0,0.0,0.0,0.0,0.0,0.0,1.2
72,Jake Fromm,BUF,QB,0.0,0.0,0.0,0.0,0.0,1.0,0.0,4.0,2.0,27.0,0.0,0.0,0.0,0.0,0.0,0.0,0.0,0.0,0.0,0.0,0.0,0.0,1.2
153,Trenton Cannon,CAR,RB,0.8,6.0,0.0,0.0,1.2,4.8,0.0,0.0,0.0,0.0,0.0,0.0,0.0,0.0,0.0,0.0,0.0,0.0,0.0,0.0,0.0,0.0,1.1
240,Krishawn Hogan,TEN,WR,0.7,9.0,0.0,0.0,0.0,0.0,0.0,0.0,0.0,0.0,0.0,0.0,0.0,0.0,0.0,0.0,0.0,0.0,0.0,0.0,0.0,0.0,0.9
126,Darrell Daniels,ARI,TE,0.8,9.4,0.0,0.0,0.0,0.0,0.0,0.0,0.0,0.0,0.0,0.0,0.0,0.0,0.0,0.0,0.0,0.0,0.0,0.0,0.0,0.0,0.9
241,John Ursua,SEA,WR,0.6,8.6,0.0,0.0,0.0,0.0,0.0,0.0,0.0,0.0,0.0,0.0,0.0,0.0,0.0,0.0,0.0,0.0,0.0,0.0,0.0,0.0,0.9
242,Spencer Schnell,TB,WR,0.8,8.5,0.0,0.0,0.0,0.0,0.0,0.0,0.0,0.0,0.0,0.0,0.0,0.0,0.0,0.0,0.0,0.0,0.0,0.0,0.0,0.0,0.8
243,Cyril Grayson,TB,WR,0.7,7.7,0.0,0.0,0.0,0.0,0.0,0.0,0.0,0.0,0.0,0.0,0.0,0.0,0.0,0.0,0.0,0.0,0.0,0.0,0.0,0.0,0.8
154,Damarea Crockett,GB,RB,0.4,3.1,0.0,0.0,0.9,3.4,0.0,0.0,0.0,0.0,0.0,0.0,0.0,0.0,0.0,0.0,0.0,0.0,0.0,0.0,0.0,0.0,0.7
73,David Fales,NYJ,QB,0.0,0.0,0.0,0.0,0.0,0.0,0.0,0.5,0.5,3.0,0.0,0.0,0.0,0.0,0.0,0.0,0.0,0.0,0.0,0.0,0.0,0.0,0.1
84,Alex Tanney,NYG,QB,0.0,0.0,0.0,0.0,0.0,0.0,0.0,0.0,0.0,0.0,0.0,0.0,0.0,0.0,0.0,0.0,0.0,0.0,0.0,0.0,0.0,0.0,0.0
88,Ryan Griffin,TB,QB,0.0,0.0,0.0,0.0,0.0,0.0,0.0,0.0,0.0,0.0,0.0,0.0,0.0,0.0,0.0,0.0,0.0,0.0,0.0,0.0,0.0,0.0,0.0
87,Josh Rosen,MIA,QB,0.0,0.0,0.0,0.0,0.0,0.0,0.0,0.0,0.0,0.0,0.0,0.0,0.0,0.0,0.0,0.0,0.0,0.0,0.0,0.0,0.0,0.0,0.0
86,Tyler Bray,CHI,QB,0.0,0.0,0.0,0.0,0.0,0.0,0.0,0.0,0.0,0.0,0.0,0.0,0.0,0.0,0.0,0.0,0.0,0.0,0.0,0.0,0.0,0.0,0.0
85,Cooper Rush,NYG,QB,0.0,0.0,0.0,0.0,0.0,0.0,0.0,0.0,0.0,0.0,0.0,0.0,0.0,0.0,0.0,0.0,0.0,0.0,0.0,0.0,0.0,0.0,0.0
77,Paxton Lynch,PIT,QB,0.0,0.0,0.0,0.0,0.0,0.0,0.0,0.0,0.0,0.0,0.0,0.0,0.0,0.0,0.0,0.0,0.0,0.0,0.0,0.0,0.0,0.0,0.0
83,C.J. Beathard,SF,QB,0.0,0.0,0.0,0.0,0.0,0.0,0.0,0.0,0.0,0.0,0.0,0.0,0.0,0.0,0.0,0.0,0.0,0.0,0.0,0.0,0.0,0.0,0.0
82,Matt Moore,KC,QB,0.0,0.0,0.0,0.0,0.0,0.0,0.0,0.0,0.0,0.0,0.0,0.0,0.0,0.0,0.0,0.0,0.0,0.0,0.0,0.0,0.0,0.0,0.0
80,Devlin Hodges,PIT,QB,0.0,0.0,0.0,0.0,0.0,0.0,0.0,0.0,0.0,0.0,0.0,0.0,0.0,0.0,0.0,0.0,0.0,0.0,0.0,0.0,0.0,0.0,0.0
79,Nate Sudfeld,PHI,QB,0.0,0.0,0.0,0.0,0.0,0.0,0.0,0.0,0.0,0.0,0.0,0.0,0.0,0.0,0.0,0.0,0.0,0.0,0.0,0.0,0.0,0.0,0.0
78,Trace McSorley,BAL,QB,0.0,0.0,0.0,0.0,0.0,0.0,0.0,0.0,0.0,0.0,0.0,0.0,0.0,0.0,0.0,0.0,0.0,0.0,0.0,0.0,0.0,0.0,0.0
76,Tommy Stevens,NO,QB,0.0,0.0,0.0,0.0,0.0,0.0,0.0,0.0,0.0,0.0,0.0,0.0,0.0,0.0,0.0,0.0,0.0,0.0,0.0,0.0,0.0,0.0,0.0
75,Tim Boyle,GB,QB,0.0,0.0,0.0,0.0,0.0,0.0,0.0,0.0,0.0,0.0,0.0,0.0,0.0,0.0,0.0,0.0,0.0,0.0,0.0,0.0,0.0,0.0,0.0
74,Garrett Gilbert,CLE,QB,0.0,0.0,0.0,0.0,0.0,0.0,0.0,0.0,0.0,0.0,0.0,0.0,0.0,0.0,0.0,0.0,0.0,0.0,0.0,0.0,0.0,0.0,0.0
244,Vyncint Smith,NYJ,WR,0.0,0.0,0.0,0.0,0.0,0.0,0.0,0.0,0.0,0.0,0.0,0.0,0.0,0.0,0.0,0.0,0.0,0.0,0.0,0.0,0.0,0.0,0.0
127,Temarrick Hemingway,CAR,TE,0.0,0.0,0.0,0.0,0.0,0.0,0.0,0.0,0.0,0.0,0.0,0.0,0.0,0.0,0.0,0.0,0.0,0.0,0.0,0.0,0.0,0.0,0.0
81,Chad Kelly,IND,QB,0.0,0.0,0.0,0.0,0.0,0.0,0.0,0.0,0.0,0.0,0.0,0.0,0.0,0.0,0.0,0.0,0.0,0.0,0.0,0.0,0.0,0.0,0.0
