Player,Tm,Pos,Age,G,GS,Tgt,Rec,PassingYds,PassingTD,PassingAtt,RushingYds,RushingTD,RushingAtt,ReceivingYds,ReceivingTD,FantasyPoints,Int,Fumbles,FumblesLost
Derrick Henry,TEN,RB,26,16,16,31,19,0,0,0,2027,17,378,114,0,314,0,3,2
Alvin Kamara,NOR,RB,25,15,10,107,83,0,0,0,932,16,187,756,5,295,0,1,0
Dalvin Cook,MIN,RB,25,14,14,54,44,0,0,0,1557,16,312,361,1,294,0,5,3
Davante Adams,GNB,WR,28,14,14,149,115,0,0,0,0,0,0,1374,18,243,0,1,1
Travis Kelce,KAN,TE,31,15,15,145,105,4,0,2,0,0,0,1416,11,208,0,1,1
Tyreek Hill,KAN,WR,26,15,15,135,87,0,0,0,123,2,13,1276,15,242,0,1,0
Josh Allen,BUF,QB,24,16,16,1,1,4544,37,572,421,8,102,12,1,395,10,9,6
Aaron Rodgers,GNB,QB,37,16,16,1,1,4299,48,526,149,3,38,-6,0,382,5,4,2
Kyler Murray,ARI,QB,23,16,16,0,0,3971,26,558,819,11,133,0,0,379,12,9,4
Patrick Mahomes,KAN,QB,25,15,15,2,0,4740,38,588,308,2,62,0,0,374,6,5,2
Deshaun Watson,HOU,QB,25,16,16,0,0,4823,33,544,444,3,90,0,0,369,7,8,3
Jonathan Taylor,IND,RB,21,15,13,39,36,0,0,0,1169,11,232,299,1,217,0,1,1
Aaron Jones,GNB,RB,26,14,14,63,47,0,0,0,1104,9,201,355,2,212,0,2,0
Darren Waller,LVR,TE,28,16,15,145,107,0,0,0,0,0,0,1196,9,172,0,2,2
David Montgomery,CHI,RB,23,15,14,68,54,0,0,0,1070,8,247,438,2,211,0,1,1
Russell Wilson,SEA,QB,32,16,16,0,0,4212,40,558,513,2,83,0,0,360,13,7,4
Stefon Diggs,BUF,WR,27,16,15,166,127,0,0,0,1,0,1,1535,8,202,0,0,0
James Robinson,JAX,RB,22,14,14,60,49,0,0,0,1070,7,240,344,3,201,0,3,1
Josh Jacobs,LVR,RB,22,15,15,45,33,0,0,0,1065,12,273,238,0,198,0,2,2
Calvin Ridley,ATL,WR,26,15,15,143,90,0,0,0,1,0,5,1374,9,192,0,1,1
D.K. Metcalf,SEA,WR,23,16,16,129,83,0,0,0,0,0,0,1303,10,188,0,1,1
Nick Chubb,CLE,RB,25,12,12,18,16,0,0,0,1067,12,190,150,0,192,0,1,1
Ryan Tannehill,TEN,QB,32,16,16,1,1,3819,33,481,266,7,43,0,0,343,7,6,1
Justin Jefferson,MIN,WR,21,16,14,125,88,0,0,0,2,0,1,1400,7,186,0,1,0
Tom Brady,TAM,QB,43,16,16,0,0,4633,40,610,6,3,30,0,0,338,12,4,1
Adam Thielen,MIN,WR,30,15,15,108,74,0,0,0,15,0,3,925,14,180,0,0,0
Mike Evans,TAM,WR,27,16,16,109,70,0,0,0,0,0,0,1006,13,179,0,0,0
A.J. Brown,TEN,WR,23,14,12,106,70,0,0,0,0,0,0,1075,11,178,0,2,1
Justin Herbert,LAC,QB,22,15,15,0,0,4336,31,595,234,5,55,0,0,333,10,8,1
Lamar Jackson,BAL,QB,23,15,15,0,0,2757,26,376,1005,7,159,0,0,333,9,10,4
Kareem Hunt,CLE,RB,25,16,5,51,38,0,0,0,841,6,198,304,5,181,0,2,0
DeAndre Hopkins,ARI,WR,28,16,16,160,115,0,0,0,1,0,1,1407,6,173,0,3,2
Ezekiel Elliott,DAL,RB,25,15,15,71,52,0,0,0,979,6,244,338,2,172,0,6,5
Tyler Lockett,SEA,WR,28,16,16,132,100,0,0,0,0,0,0,1054,10,165,0,1,0
Kenyan Drake,ARI,RB,26,15,13,31,25,0,0,0,955,10,239,137,0,167,0,3,1
Melvin Gordon,DEN,RB,27,15,10,44,32,0,0,0,986,9,215,158,1,166,0,4,4
Antonio Gibson,WAS,RB,22,14,10,44,36,0,0,0,795,11,170,247,0,166,0,2,2
Allen Robinson,CHI,WR,27,16,16,151,102,0,0,0,-1,0,1,1250,6,161,0,0,0
Robert Tonyan,GNB,TE,26,16,8,59,52,0,0,0,0,0,0,586,11,125,0,0,0
Robert Woods,LAR,WR,28,16,16,129,90,0,0,0,155,2,24,936,6,155,0,2,1
Ronald Jones II,TAM,RB,23,14,13,42,28,0,0,0,978,7,192,165,1,158,0,2,2
Chase Claypool,PIT,WR,22,16,6,109,62,0,0,0,16,2,10,873,9,153,0,3,1
Marvin Jones,DET,WR,30,16,16,115,76,0,0,0,0,0,0,978,9,152,0,0,0
Brandin Cooks,HOU,WR,27,15,15,119,81,0,0,0,0,0,0,1150,6,151,0,0,0
Kirk Cousins,MIN,QB,32,16,16,0,0,4265,35,516,156,1,32,0,0,306,13,9,5
Mark Andrews,BAL,TE,25,14,2,88,58,0,0,0,0,0,0,701,7,112,0,2,0
Chris Carson,SEA,RB,26,12,12,46,37,0,0,0,681,5,141,287,4,151,0,1,0
J.K. Dobbins,BAL,RB,22,15,1,24,18,0,0,0,805,9,134,120,0,151,0,2,0
D.J. Moore,CAR,WR,23,15,14,118,66,0,0,1,22,0,2,1193,4,146,0,0,0
Keenan Allen,LAC,WR,28,14,13,147,100,0,0,1,-1,0,1,992,8,145,0,3,2
Amari Cooper,DAL,WR,26,16,15,130,92,0,0,0,14,0,6,1114,5,145,0,0,0
T.J. Hockenson,DET,TE,23,16,16,101,67,0,0,0,0,0,1,723,6,108,0,1,1
CeeDee Lamb,DAL,WR,21,16,14,111,74,0,0,0,82,1,10,935,5,144,0,2,1
Mike Davis,CAR,RB,27,15,12,70,59,0,0,0,642,6,165,373,2,148,0,1,1
David Johnson,HOU,RB,29,12,12,46,33,0,0,0,691,6,147,314,2,147,0,2,1
Mike Gesicki,MIA,TE,25,15,9,85,53,0,0,0,0,0,0,703,6,106,0,0,0
Logan Thomas,WAS,TE,29,16,15,110,72,28,0,1,5,0,3,670,6,105,0,0,0
Rob Gronkowski,TAM,TE,31,16,16,77,45,0,0,0,0,0,0,623,7,104,0,1,0
D'Andre Swift,DET,RB,21,13,4,57,46,0,0,0,521,8,114,357,2,144,0,3,2
Miles Sanders,PHI,RB,23,12,11,52,28,0,0,0,867,6,164,197,0,142,0,4,2
Nelson Agholor,LVR,WR,27,16,13,82,48,0,0,0,0,0,0,896,8,138,0,0,0
JuJu Smith-Schuster,PIT,WR,24,16,14,128,97,0,0,0,0,0,0,831,9,137,0,3,1
Terry McLaurin,WAS,WR,25,15,15,134,87,0,0,0,30,0,2,1118,4,137,0,1,1
Will Fuller,HOU,WR,26,11,11,75,53,0,0,0,0,0,1,879,8,136,0,0,0
Clyde Edwards-Helaire,KAN,RB,21,13,13,54,36,0,0,0,803,4,181,297,1,140,0,0,0
Curtis Samuel,CAR,WR,24,15,5,97,77,0,0,0,200,2,41,851,3,135,0,1,0
Jonnu Smith,TEN,TE,25,15,14,65,41,0,0,0,4,1,2,448,8,99,0,0,0
Todd Gurley,ATL,RB,26,15,15,34,25,0,0,0,678,9,195,164,0,138,0,2,0
Diontae Johnson,PIT,WR,24,15,13,144,88,0,0,0,15,0,3,923,7,134,0,2,1
Jimmy Graham,CHI,TE,34,16,15,76,50,0,0,0,0,0,0,456,8,94,0,1,0
Robby Anderson,CAR,WR,27,16,16,136,95,0,0,0,15,0,4,1096,3,129,0,1,1
Hayden Hurst,ATL,TE,27,16,9,88,56,0,0,0,0,0,0,571,6,93,0,0,0
Tee Higgins,CIN,WR,21,16,14,108,67,0,0,0,28,0,5,908,6,128,0,1,1
Corey Davis,TEN,WR,25,14,12,92,65,0,0,0,0,0,0,984,5,126,0,1,1
Chris Godwin,TAM,WR,24,12,12,84,65,0,0,0,0,0,0,840,7,126,0,1,0
Derek Watt,PIT,,28,12,0,0,0,0,0,0,0,0,0,0,0,,0,0,0
Johnny Stanton,CLE,,26,1,0,0,0,0,0,0,0,0,0,0,0,,0,0,0
Nyheim Hines,IND,RB,24,16,2,76,63,0,0,0,380,3,89,482,4,130,0,0,0
Matt Ryan,ATL,QB,35,16,16,0,0,4581,26,626,92,2,29,0,0,282,11,6,3
Derek Carr,LVR,QB,29,16,16,0,0,4103,27,517,140,3,39,0,0,272,9,11,8
Ben Roethlisberger,PIT,QB,38,15,15,0,0,3803,33,608,11,0,25,0,0,267,10,5,1
Matthew Stafford,DET,QB,32,16,16,1,0,4084,26,528,112,0,29,0,0,261,10,2,1
Cam Newton,NWE,QB,31,15,15,2,2,2657,8,368,592,12,137,35,1,259,10,6,1
Baker Mayfield,CLE,QB,25,16,16,1,1,3563,26,486,165,1,54,6,0,248,8,8,4
Teddy Bridgewater,CAR,QB,28,15,15,0,0,3733,15,492,279,5,53,0,0,241,11,6,3
Jared Goff,LAR,QB,26,15,15,0,0,3952,20,552,99,4,51,0,0,240,13,7,4
Philip Rivers,IND,QB,39,16,16,0,0,4169,24,543,-8,0,18,0,0,240,11,2,1
Drew Brees,NOR,QB,41,12,12,0,0,2942,24,390,-2,2,18,0,0,209,6,6,2
Carson Wentz,PHI,QB,28,12,12,0,0,2620,16,437,276,5,52,0,0,198,15,10,4
Drew Lock,DEN,QB,24,13,13,0,0,2933,16,443,160,3,44,0,0,181,15,8,3
Daniel Jones,NYG,QB,23,14,14,0,0,2943,11,448,423,1,65,0,0,180,10,11,6
Joe Burrow,CIN,QB,24,10,10,0,0,2688,13,404,142,3,37,0,0,174,5,9,4
Gardner Minshew II,JAX,QB,24,9,8,1,1,2259,16,327,153,1,29,0,0,160,5,5,4
Mitchell Trubisky,CHI,QB,26,10,9,0,0,2055,16,297,195,1,33,0,0,154,8,6,2
Ryan Fitzpatrick,MIA,QB,38,9,7,1,1,2091,13,267,151,2,30,0,0,153,8,2,0
Taysom Hill,NOR,QB,30,16,8,12,8,928,4,121,457,8,87,98,1,149,2,10,5
Andy Dalton,DAL,QB,33,11,9,1,1,2169,14,333,114,0,28,-3,0,136,8,2,1
Dak Prescott,DAL,QB,27,5,5,1,1,1856,9,222,93,3,18,11,1,135,4,3,3
Tua Tagovailoa,MIA,QB,22,10,9,0,0,1814,11,290,109,3,36,0,0,135,5,1,1
Sam Darnold,NYJ,QB,23,12,12,0,0,2208,9,364,217,2,37,0,0,134,11,4,2
James Conner,PIT,RB,25,13,11,43,35,0,0,0,721,6,169,215,0,130,0,2,0
Jeff Wilson,SFO,RB,25,12,3,28,13,0,0,0,600,7,126,133,3,129,0,2,2
Cole Beasley,BUF,WR,31,15,10,107,82,20,1,1,0,0,0,967,4,126,0,0,0
Brandon Aiyuk,SFO,WR,22,12,11,96,60,0,0,0,77,2,6,748,5,125,0,0,0
Marquise Brown,BAL,WR,23,16,14,100,58,0,0,0,1,0,1,769,8,125,0,0,0
Myles Gaskin,MIA,RB,23,10,7,47,41,0,0,0,584,3,142,388,2,123,0,2,2
Gus Edwards,BAL,RB,25,16,6,13,9,0,0,0,723,6,144,129,0,119,0,1,1
Cooper Kupp,LAR,WR,27,15,12,124,92,0,0,0,33,0,4,974,3,117,0,1,1
Wayne Gallman,NYG,RB,26,15,10,27,21,0,0,0,682,6,147,114,0,116,0,1,0
Jarvis Landry,CLE,WR,28,15,14,101,72,74,1,4,10,1,4,840,3,116,0,2,0
Nick Mullens,SFO,QB,25,10,8,0,0,2437,12,326,8,0,9,0,0,116,12,6,4
Chase Edmonds,ARI,RB,24,16,2,67,53,0,0,0,448,1,97,402,4,115,0,2,0
Tyler Boyd,CIN,WR,26,15,8,110,79,16,0,2,49,0,5,841,4,114,0,1,0
Michael Gallup,DAL,WR,24,16,15,105,59,0,0,0,0,0,0,843,5,114,0,0,0
Darrell Henderson,LAR,RB,23,15,11,24,16,0,0,0,624,5,138,159,1,114,0,0,0
Jamison Crowder,NYJ,WR,27,12,7,89,59,43,1,1,14,0,1,699,6,113,0,0,0
Latavius Murray,NOR,RB,30,15,7,26,23,0,0,0,656,4,146,176,1,113,0,1,0
Adrian Peterson,DET,RB,35,16,10,18,12,0,0,0,604,7,156,101,0,113,0,0,0
Giovani Bernard,CIN,RB,29,16,10,59,47,0,0,0,416,3,124,355,3,111,0,1,1
Austin Ekeler,LAC,RB,25,10,10,65,54,0,0,0,530,1,116,403,2,111,0,1,0
J.D. McKissic,WAS,RB,27,16,7,110,80,0,0,0,365,1,85,589,2,111,0,3,1
Tim Patrick,DEN,WR,27,15,15,79,51,0,0,0,0,0,0,742,6,110,0,0,0
Russell Gage,ATL,WR,24,16,8,110,72,39,1,2,9,0,2,786,4,109,0,0,0
T.Y. Hilton,IND,WR,31,15,15,93,56,0,0,0,0,0,0,762,5,108,0,0,0
Jalen Hurts,PHI,QB,22,15,4,1,1,1061,6,148,354,3,63,3,0,108,4,9,2
Jerry Jeudy,DEN,WR,21,16,14,113,52,0,0,0,0,0,0,856,3,106,0,2,0
Devin Singletary,BUF,RB,23,16,16,50,38,0,0,0,687,2,156,269,0,106,0,1,1
Mike Williams,LAC,WR,26,15,11,85,48,0,0,0,1,0,1,756,5,106,0,0,0
Nick Foles,CHI,QB,31,9,7,0,0,1852,10,312,1,1,16,0,0,104,8,2,0
Emmanuel Sanders,NOR,WR,33,14,5,82,61,0,0,0,12,0,1,726,5,104,0,1,0
Marquez Valdes-Scantling,GNB,WR,26,16,12,63,33,0,0,0,13,0,4,690,6,104,0,1,1
DeVante Parker,MIA,WR,27,14,11,103,63,0,0,0,0,0,0,793,4,103,0,1,0
Gabriel Davis,BUF,WR,21,16,11,62,35,0,0,0,0,0,1,599,7,102,0,1,0
DJ Chark,JAX,WR,24,13,12,93,53,0,0,0,0,0,0,706,5,101,0,0,0
Keelan Cole,JAX,WR,27,16,5,88,55,0,0,0,2,0,1,642,5,100,0,0,0
Laviska Shenault Jr.,JAX,WR,22,14,12,79,58,0,0,0,91,0,18,600,5,99,0,0,0
Christian Kirk,ARI,WR,24,14,10,79,48,0,0,0,3,0,2,621,6,98,0,1,0
Sterling Shepard,NYG,WR,27,12,12,90,66,0,0,0,49,1,6,656,3,97,0,0,0
Leonard Fournette,TAM,RB,25,13,3,47,36,0,0,0,367,6,97,233,0,96,0,0,0
Jamaal Williams,GNB,RB,25,14,3,35,31,0,0,0,505,2,119,236,1,96,0,0,0
Julio Jones,ATL,WR,31,9,9,68,51,0,0,0,0,0,0,771,3,95,0,0,0
Jerick McKinnon,SFO,RB,28,16,4,46,33,0,0,0,319,5,81,253,1,93,0,0,0
Zach Pascal,IND,WR,26,16,14,71,44,0,0,1,0,0,0,629,5,93,0,0,0
Tony Pollard,DAL,RB,23,16,2,40,28,0,0,0,435,4,101,192,1,93,0,0,0
Cam Akers,LAR,RB,21,13,5,14,11,0,0,0,625,2,145,123,1,91,0,1,1
Darnell Mooney,CHI,WR,23,16,9,98,61,0,0,0,20,0,4,631,4,91,0,1,0
Darius Slayton,NYG,WR,23,16,15,96,50,0,0,0,-1,0,2,751,3,91,0,1,1
Jared Cook,NOR,TE,33,15,5,60,37,0,0,0,0,0,0,504,7,90,0,1,1
Zack Moss,BUF,RB,23,13,0,18,14,0,0,0,481,4,112,95,1,88,0,0,0
Noah Fant,DEN,TE,23,15,14,93,62,0,0,0,0,0,0,673,3,87,0,0,0
Mecole Hardman,KAN,WR,22,16,8,62,41,0,0,0,31,0,4,560,4,87,0,2,2
Malcolm Brown,LAR,RB,27,16,0,33,23,0,0,0,419,5,101,162,0,86,0,1,1
Eric Ebron,PIT,TE,27,15,9,91,56,0,0,0,0,0,0,558,5,86,0,1,1
Damien Harris,NWE,RB,23,10,10,7,5,0,0,0,691,2,137,52,0,86,0,1,0
Hunter Henry,LAC,TE,26,14,14,93,60,0,0,0,0,0,0,613,4,85,0,0,0
Frank Gore,NYJ,RB,37,15,14,19,16,0,0,0,653,2,187,89,0,84,0,1,1
Tyler Higbee,LAR,TE,27,15,15,60,44,0,0,0,1,0,1,521,5,84,0,0,0
Rashard Higgins,CLE,WR,26,13,6,52,37,0,0,0,0,0,0,599,4,84,0,3,0
Jakobi Meyers,NWE,WR,24,14,9,81,59,43,2,2,9,0,2,729,0,84,0,1,1
David Moore,SEA,WR,25,16,6,47,35,0,0,0,61,0,8,417,6,84,0,1,0
Raheem Mostert,SFO,RB,28,8,8,19,16,0,0,0,521,2,104,156,1,84,0,1,1
Dalton Schultz,DAL,TE,24,16,14,89,63,0,0,0,0,0,0,615,4,84,0,1,1
Rex Burkhead,NWE,RB,30,10,0,33,25,0,0,0,274,3,67,192,3,83,0,0,0
Kendrick Bourne,SFO,WR,25,15,5,74,49,0,0,0,0,0,0,667,2,81,0,0,0
Greg Ward,PHI,WR,25,16,10,79,53,15,0,1,-4,0,2,419,6,80,0,2,0
Joe Mixon,CIN,RB,24,6,6,26,21,0,0,0,428,3,119,138,1,79,0,1,1
Evan Engram,NYG,TE,26,16,14,109,63,0,0,0,26,1,6,654,1,78,0,1,1
Travis Fulgham,PHI,WR,25,13,8,67,38,0,0,0,0,0,0,539,4,78,0,0,0
George Kittle,SFO,TE,27,8,8,63,48,0,0,0,17,0,2,634,2,77,0,0,0
Hunter Renfrow,LVR,WR,25,16,6,77,56,0,0,0,0,0,0,656,2,76,0,2,1
Alexander Mattison,MIN,RB,22,13,2,15,13,0,0,0,434,2,96,125,1,74,0,0,0
Christian McCaffrey,CAR,RB,24,3,3,19,17,0,0,0,225,5,59,149,1,73,0,0,0
Antonio Brown,TAM,WR,32,8,4,61,45,0,0,0,-2,0,2,483,4,72,0,0,0
Josh Reynolds,LAR,WR,25,16,13,81,52,0,0,0,5,0,1,618,2,72,0,2,1
Alex Smith,WAS,QB,36,8,6,0,0,1582,6,252,3,0,10,0,0,72,8,2,0
Boston Scott,PHI,RB,25,16,4,36,25,0,0,0,374,1,80,212,1,71,0,2,0
Dallas Goedert,PHI,TE,25,11,9,65,46,0,0,0,0,0,0,524,3,70,0,0,0
Brian Hill,ATL,RB,25,16,1,30,25,0,0,0,465,1,100,199,0,70,0,2,1
Isaiah McKenzie,BUF,WR,25,16,7,34,30,12,1,1,9,0,10,282,5,70,0,0,0
Scott Miller,TAM,WR,23,16,5,53,33,0,0,0,14,0,3,501,3,70,0,0,0
Devontae Booker,LVR,RB,28,16,1,21,17,0,0,0,423,3,93,84,0,69,0,1,0
Jalen Guyton,LAC,WR,23,16,9,55,28,0,0,0,0,0,2,511,3,69,0,0,0
Carlos Hyde,SEA,RB,30,10,1,20,16,0,0,0,356,4,81,93,0,69,0,1,0
Breshad Perriman,NYJ,WR,27,12,12,60,30,0,0,0,6,0,1,505,3,69,0,0,0
Irv Smith Jr.,MIN,TE,22,13,7,43,30,0,0,0,0,0,0,365,5,69,0,0,0
Tre'Quan Smith,NOR,WR,24,14,10,50,34,0,0,0,3,0,1,448,4,69,0,1,0
James Washington,PIT,WR,24,16,7,56,30,0,0,0,0,0,0,392,5,69,0,0,0
Damiere Byrd,NWE,WR,27,16,14,77,47,0,0,0,15,0,2,604,1,68,0,3,0
Dwayne Haskins,WAS,QB,23,7,6,0,0,1439,5,241,46,1,20,0,0,68,7,6,3
Austin Hooper,CLE,TE,26,13,13,70,46,0,0,0,0,0,0,435,4,68,0,0,0
Sony Michel,NWE,RB,25,9,6,9,7,0,0,0,449,1,79,114,1,68,0,0,0
James White,NWE,RB,28,14,0,62,49,0,0,0,121,2,35,375,1,68,0,1,0
Dan Arnold,ARI,TE,25,16,5,45,31,0,0,0,0,0,0,438,4,66,0,2,1
Kalen Ballage,2TM,RB,25,11,2,37,29,0,0,0,303,3,91,166,0,65,0,1,0
Allen Lazard,GNB,WR,25,10,9,46,33,0,0,0,17,0,2,451,3,65,0,0,0
Benny Snell Jr.,PIT,RB,22,16,3,14,10,0,0,0,368,4,111,61,0,65,0,2,1
Odell Beckham Jr.,CLE,WR,28,7,7,43,23,18,0,1,72,1,3,319,3,64,0,0,0
John Brown,BUF,WR,30,9,8,52,33,0,0,0,0,0,0,458,3,64,0,0,0
Jimmy Garoppolo,SFO,QB,29,6,6,0,0,1096,7,140,25,0,10,0,0,64,5,2,0
A.J. Green,CIN,WR,32,16,14,104,47,0,0,0,0,0,0,523,2,64,0,0,0
Kyle Juszczyk,SFO,RB,29,16,15,29,19,0,0,0,64,2,17,202,4,63,0,1,0
Demarcus Robinson,KAN,WR,26,16,9,59,45,0,0,0,0,0,0,466,3,63,0,2,1
Randall Cobb,HOU,WR,30,10,2,48,38,0,0,1,0,0,0,441,3,62,0,0,0
Mike Glennon,JAX,QB,31,5,5,0,0,1072,7,179,17,0,6,0,0,61,5,2,2
Willie Snead,BAL,WR,28,13,8,48,33,0,0,0,0,0,0,432,3,61,0,1,0
Danny Amendola,DET,WR,35,14,5,69,46,0,0,0,2,0,1,602,0,60,0,0,0
Braxton Berrios,NYJ,WR,25,16,2,55,37,0,0,0,29,0,3,394,3,60,0,0,0
KJ Hamler,DEN,WR,21,13,4,56,30,0,0,0,40,0,9,381,3,60,0,2,0
Tyron Johnson,LAC,WR,24,12,0,26,20,0,0,0,17,0,3,398,3,60,0,0,0
Anthony Miller,CHI,WR,26,16,6,76,49,0,0,0,12,0,2,485,2,60,0,2,1
Le'Veon Bell,2TM,RB,28,11,4,20,16,0,0,0,328,2,82,138,0,59,0,1,0
Phillip Lindsay,DEN,RB,26,11,8,14,7,0,0,0,502,1,118,28,0,59,0,0,0
Michael Pittman Jr.,IND,WR,23,13,8,61,40,0,0,0,26,0,3,503,1,59,0,0,0
Salvon Ahmed,MIA,RB,22,6,4,14,11,0,0,0,319,3,75,61,0,58,0,0,0
Joshua Kelley,LAC,RB,23,14,0,23,23,0,0,0,354,2,111,148,0,58,0,2,2
Henry Ruggs III,LVR,WR,21,13,12,43,26,0,0,0,49,0,9,452,2,58,0,2,2
Chris Conley,JAX,WR,28,15,4,63,40,0,0,0,0,0,0,471,2,57,0,1,1
Preston Williams,MIA,WR,23,8,7,35,18,0,0,0,0,0,0,288,4,57,0,0,0
Duke Johnson,HOU,RB,27,11,5,35,28,0,0,0,235,1,77,249,1,56,0,3,2
Jalen Reagor,PHI,WR,21,11,11,54,31,0,0,0,26,0,4,396,1,56,0,2,0
Trey Burton,IND,TE,29,13,4,47,28,0,0,0,3,2,2,250,3,55,0,0,0
Darren Fells,HOU,TE,34,16,14,28,21,0,0,0,0,0,0,312,4,55,0,0,0
Joe Flacco,NYJ,QB,35,5,4,0,0,864,6,134,22,0,6,0,0,55,3,1,0
Samaje Perine,CIN,RB,25,16,1,12,11,0,0,0,301,3,63,66,0,55,0,0,0
Keke Coutee,HOU,WR,23,8,4,40,33,0,0,0,0,0,0,400,3,54,0,4,3
Cam Sims,WAS,WR,24,16,10,48,32,0,0,0,5,0,1,477,1,54,0,0,0
Kerryon Johnson,DET,RB,23,16,2,26,19,0,0,0,181,2,52,187,1,53,0,1,1
C.J. Beathard,SFO,QB,27,6,2,0,0,787,6,104,28,0,6,0,0,52,0,3,3
Gerald Everett,LAR,TE,26,16,7,62,41,0,0,0,2,1,1,417,1,52,0,1,1
Golden Tate,NYG,WR,32,12,4,52,35,18,0,2,0,0,0,388,2,52,0,0,0
Peyton Barber,WAS,RB,26,16,2,7,4,0,0,0,258,4,94,12,0,51,0,0,0
Miles Boykin,BAL,WR,24,16,13,33,19,0,0,0,0,0,0,266,4,51,0,0,0
Jakeem Grant,MIA,WR,28,14,4,54,36,0,0,0,20,0,3,373,1,51,0,2,0
Brandon Allen,CIN,QB,28,5,5,1,0,925,5,142,27,0,13,0,0,50,4,1,1
Sammy Watkins,KAN,WR,27,10,9,55,37,0,0,1,3,0,1,421,2,50,1,1,1
Mo Alie-Cox,IND,TE,27,15,6,39,31,0,0,0,0,0,0,394,2,49,0,1,1
Jordan Wilkins,IND,RB,26,15,0,16,12,0,0,0,308,1,84,105,0,49,0,0,0
Cordarrelle Patterson,CHI,WR,29,16,3,25,21,0,0,0,232,1,64,132,0,48,0,0,0
Deebo Samuel,SFO,WR,24,7,5,44,33,0,0,0,26,0,8,391,1,48,0,0,0
Jordan Akins,HOU,TE,28,13,5,49,37,0,0,0,4,0,1,403,1,47,0,0,0
Quintez Cephus,DET,WR,22,13,2,35,20,0,0,0,0,0,0,349,2,47,0,0,0
Tyler Eifert,JAX,TE,30,15,4,60,36,0,0,0,0,0,0,349,2,47,0,0,0
Larry Fitzgerald,ARI,WR,37,13,13,72,54,0,0,0,0,0,0,409,1,47,0,0,0
Mark Ingram,BAL,RB,31,11,9,8,6,0,0,0,299,2,72,50,0,47,0,0,0
Ty Johnson,2TM,RB,23,13,1,21,16,0,0,0,254,1,54,99,1,47,0,0,0
Jordan Reed,SFO,TE,30,10,1,46,26,0,0,0,0,0,0,231,4,47,0,0,0
Richard Rodgers,PHI,TE,28,14,4,31,24,0,0,0,0,0,0,345,2,47,0,0,0
Kenny Golladay,DET,WR,27,5,5,32,20,0,0,0,0,0,0,338,2,46,0,0,0
Justin Jackson,LAC,RB,24,9,4,24,19,0,0,0,270,0,59,173,0,46,0,0,0
Kyle Allen,WAS,QB,24,4,4,0,0,610,4,87,26,1,7,0,0,45,1,1,1
Anthony Firkser,TEN,TE,25,16,1,53,39,0,0,0,0,0,0,387,1,45,0,0,0
Donovan Peoples-Jones,CLE,WR,21,12,2,20,14,0,0,0,0,0,0,304,2,44,0,0,0
Michael Thomas,NOR,WR,27,7,5,55,40,0,0,0,1,0,1,438,0,44,0,0,0
Chris Herndon,NYJ,TE,24,16,13,45,31,0,0,0,0,0,0,287,3,43,0,2,2
Dawson Knox,BUF,TE,24,12,7,44,24,0,0,0,0,0,0,288,3,43,0,2,2
Zach Ertz,PHI,TE,30,11,11,72,36,0,0,0,0,0,0,335,1,42,0,0,0
Marvin Hall,2TM,WR,27,12,6,32,18,0,0,0,1,0,1,302,2,42,0,0,0
La'Mical Perine,NYJ,RB,22,10,0,15,11,0,0,0,232,2,64,63,0,42,0,0,0
Jack Doyle,IND,TE,30,14,12,33,23,0,0,0,0,0,0,251,3,41,0,1,1
N'Keal Harry,NWE,WR,23,14,9,57,33,0,0,0,0,0,2,309,2,41,0,1,1
Jacob Hollister,SEA,TE,27,16,5,40,25,0,0,0,0,0,0,209,3,41,0,0,0
Richie James,SFO,WR,25,11,7,35,23,0,0,0,0,0,0,394,1,41,0,2,2
Collin Johnson,JAX,WR,23,14,0,31,18,0,0,0,0,0,0,272,2,41,0,0,0
Cameron Brate,TAM,TE,29,16,1,34,28,0,0,0,0,0,0,282,2,40,0,0,0
DeeJay Dallas,SEA,RB,22,12,2,20,17,0,0,0,108,2,34,111,1,40,0,0,0
Ito Smith,ATL,RB,25,14,0,26,17,0,0,0,268,1,63,75,0,40,0,1,0
DaeSean Hamilton,DEN,WR,25,16,2,44,23,0,0,0,0,0,0,293,2,39,0,1,1
Drew Sample,CIN,TE,24,16,13,53,40,0,0,0,0,0,0,349,1,39,0,1,1
Harrison Bryant,CLE,TE,22,15,9,38,24,0,0,0,0,0,0,238,3,38,0,2,2
AJ Dillon,GNB,RB,22,11,0,2,2,0,0,0,242,2,46,21,0,38,0,0,0
Dion Lewis,NYG,RB,30,16,0,30,19,0,0,0,115,2,29,127,1,38,0,3,2
Denzel Mims,NYJ,WR,23,9,8,44,23,0,0,0,0,0,0,357,0,38,0,0,0
Alfred Morris,NYG,RB,32,9,0,4,3,0,0,0,238,1,55,19,1,38,0,0,0
Will Dissly,SEA,TE,24,16,12,29,24,0,0,0,0,0,0,251,2,37,0,0,0
Kyle Rudolph,MIN,TE,31,12,12,37,28,0,0,0,0,0,0,334,1,37,0,1,1
Darrel Williams,KAN,RB,25,16,0,26,18,0,0,0,169,1,39,116,0,37,0,0,0
Julian Edelman,NWE,WR,34,6,1,39,21,38,0,2,22,0,2,315,0,35,0,0,0
Adam Humphries,TEN,WR,27,7,1,35,23,0,0,0,0,0,0,228,2,35,0,0,0
Cedrick Wilson Jr.,DAL,WR,25,16,0,28,17,23,1,2,-12,0,3,189,2,35,0,0,0
Andy Isabella,ARI,WR,24,13,2,35,21,0,0,0,-6,0,1,224,2,34,0,1,0
Cole Kmet,CHI,TE,21,16,9,44,28,0,0,0,-3,0,1,243,2,34,0,1,1
Donald Parham,LAC,TE,23,13,5,20,10,0,0,0,0,0,0,159,3,34,0,0,0
Matt Breida,MIA,RB,25,12,1,10,9,0,0,0,254,0,59,96,0,33,0,2,1
Devin Duvernay,BAL,WR,23,16,3,26,20,0,0,0,70,0,4,201,0,33,0,0,0
David Njoku,CLE,TE,24,13,5,29,19,0,0,0,0,0,0,213,2,33,0,0,0
Adam Shaheen,MIA,TE,26,16,5,22,12,0,0,0,0,0,0,150,3,33,0,0,0
Durham Smythe,MIA,TE,25,15,13,29,26,0,0,0,0,0,0,208,2,33,0,0,0
Olamide Zaccheaus,ATL,WR,23,11,2,32,20,0,0,0,0,0,1,274,1,33,0,0,0
Jeremy McNichols,TEN,RB,25,16,0,17,12,0,0,0,204,1,47,55,0,32,0,0,0
Jalen Richard,LVR,RB,27,13,0,23,19,0,0,0,123,1,22,138,0,32,0,1,0
Josh Adams,NYJ,RB,24,8,0,8,6,0,0,0,157,2,29,29,0,31,0,0,0
Ross Dwelley,SFO,TE,25,16,9,24,19,0,0,0,0,0,0,245,1,31,0,0,0
DeSean Jackson,PHI,WR,34,5,5,26,14,0,0,0,12,0,1,236,1,31,0,0,0
Chad Beebe,MIN,WR,26,14,0,30,20,0,0,0,0,0,0,201,2,30,0,2,1
Jeff Driskel,DEN,QB,27,3,1,0,0,432,3,64,28,0,6,0,0,30,2,0,0
Chad Hansen,HOU,WR,25,5,2,24,17,0,0,0,0,0,0,236,1,30,0,0,0
Jordan Howard,2TM,RB,26,7,4,1,1,0,0,0,60,4,35,-3,0,30,0,1,0
Tyler Kroft,BUF,TE,28,10,4,16,12,0,0,0,0,0,0,119,3,30,0,0,0
Greg Olsen,SEA,TE,35,11,8,37,24,0,0,0,0,0,0,239,1,30,0,0,0
Steven Sims,WAS,WR,23,12,2,37,27,0,0,0,18,0,1,265,1,30,0,5,2
Devonta Freeman,NYG,RB,28,5,4,10,7,0,0,0,172,1,54,58,0,29,0,0,0
Tyler Johnson,TAM,WR,22,14,3,18,12,0,0,0,0,0,0,169,2,29,0,0,0
Marcedes Lewis,GNB,TE,36,15,15,17,10,0,0,0,0,0,0,107,3,29,0,0,0
Pharaoh Brown,HOU,TE,26,13,9,16,14,0,0,0,0,0,0,163,2,28,0,0,0
Isaiah Ford,MIA,WR,24,10,1,44,28,0,0,0,0,0,0,276,0,28,0,0,0
Deonte Harris,NOR,WR,23,9,2,25,20,0,0,0,51,0,6,186,1,28,0,3,1
Dontrelle Inman,WAS,WR,31,10,2,28,18,0,0,0,0,0,0,163,2,28,0,1,0
Van Jefferson,LAR,WR,24,16,0,31,19,0,0,0,-1,0,1,220,1,28,0,1,0
Jake Luton,JAX,QB,24,3,3,0,0,624,2,110,13,1,1,0,0,28,6,2,0
Byron Pringle,KAN,WR,27,13,3,17,13,0,0,0,0,0,0,160,1,28,0,0,0
Rodney Smith,CAR,RB,24,7,1,11,9,0,0,0,156,1,41,59,0,28,0,1,0
Freddie Swain,SEA,WR,22,16,1,21,13,0,0,0,0,0,0,159,2,28,0,0,0
O.J. Howard,TAM,TE,26,4,1,19,11,0,0,0,0,0,0,146,2,27,0,0,0
Mohamed Sanu,2TM,WR,31,10,4,24,17,0,0,0,3,0,1,187,1,27,0,0,0
Lynn Bowden Jr.,MIA,RB,23,10,4,37,28,32,0,2,32,0,9,211,0,26,0,0,0
Marcus Johnson,IND,WR,26,11,3,28,14,0,0,0,0,0,0,255,0,26,0,0,0
Marcus Mariota,LVR,QB,27,1,0,0,0,226,1,28,88,1,9,0,0,26,1,0,0
Foster Moreau,LVR,TE,23,16,2,9,7,0,0,0,0,0,0,140,2,26,0,0,0
James O'Shaughnessy,JAX,TE,28,15,13,38,28,0,0,0,0,0,0,262,0,26,0,0,0
Darwin Thompson,KAN,RB,23,14,1,11,7,0,0,0,97,1,27,65,1,26,0,2,1
Tyler Conklin,MIN,TE,25,16,2,26,19,0,0,0,0,0,0,194,1,25,0,1,0
Bryan Edwards,LVR,WR,22,12,3,15,11,0,0,0,0,0,0,193,1,25,0,0,0
Royce Freeman,DEN,RB,24,16,0,13,12,0,0,0,170,0,35,81,0,25,0,0,0
Jesse James,DET,TE,26,16,7,22,14,0,0,0,0,0,0,129,2,25,0,0,0
Jamycal Hasty,SFO,RB,24,8,0,8,7,0,0,0,148,1,39,33,0,24,0,1,0
Chad Henne,KAN,QB,35,3,1,0,0,248,2,38,-2,1,7,0,0,24,0,2,0
Travis Homer,SEA,RB,22,9,0,10,9,0,0,0,88,0,25,90,1,24,0,0,0
Nick Boyle,BAL,TE,27,9,9,17,14,0,0,0,0,0,0,113,2,23,0,0,0
Zay Jones,LVR,WR,25,16,2,20,14,29,0,1,0,0,0,154,1,23,0,0,0
MyCole Pruitt,TEN,TE,28,11,4,8,5,0,0,0,0,0,0,49,2,23,0,0,0
Chris Thompson,JAX,RB,30,8,0,23,20,0,0,0,20,0,7,146,1,23,0,0,0
Adam Trautman,NOR,TE,23,15,6,16,15,0,0,0,0,0,0,171,1,23,0,0,0
Ameer Abdullah,MIN,RB,27,16,0,9,8,0,0,0,42,0,8,58,2,22,0,0,0
Mack Hollins,MIA,WR,27,16,2,25,16,0,0,0,0,0,0,176,1,22,0,1,1
Jacoby Brissett,IND,QB,28,11,0,0,0,17,0,8,19,3,17,0,0,21,0,0,0
Marquez Callaway,NOR,WR,22,11,3,27,21,0,0,0,0,0,0,213,0,21,0,0,0
Olabisi Johnson,MIN,WR,23,16,3,19,14,0,0,0,0,0,0,189,0,21,0,0,0
Gunner Olszewski,NWE,WR,24,13,2,5,5,0,0,0,23,0,5,62,1,21,0,1,0
Ian Thomas,CAR,TE,24,16,8,31,20,0,0,0,0,0,0,145,1,21,0,1,0
Alex Collins,SEA,RB,26,3,1,2,1,0,0,0,77,2,18,4,0,20,0,0,0
Dare Ogunbowale,JAX,RB,26,14,2,20,10,0,0,0,145,0,32,54,0,20,0,0,0
Kenny Stills,HOU,WR,28,10,0,19,11,0,0,0,0,0,0,144,1,20,0,0,0
Antonio Williams,BUF,RB,23,1,0,1,1,0,0,0,63,2,12,20,0,20,0,0,0
Ryan Finley,CIN,QB,26,5,1,0,0,164,1,32,66,1,11,0,0,19,2,0,0
John Hightower,PHI,WR,24,13,4,29,10,0,0,0,1,0,1,167,0,19,0,0,0
Jason Witten,LVR,TE,38,16,7,17,13,0,0,0,0,0,0,69,2,19,0,0,0
Isaiah Wright,WAS,WR,23,14,6,35,27,0,0,1,16,0,3,197,0,19,0,3,1
Cameron Batson,TEN,WR,25,12,1,13,12,0,0,0,20,0,4,100,1,18,0,1,0
C.J. Ham,MIN,RB,27,15,11,13,8,0,0,0,18,0,5,97,1,18,0,0,0
KhaDarel Hodge,CLE,WR,25,9,0,17,11,0,0,0,0,0,0,180,0,18,0,0,0
Ryan Izzo,NWE,TE,25,12,12,20,13,0,0,0,0,0,0,199,0,18,0,1,1
Alshon Jeffery,PHI,WR,30,7,2,13,6,0,0,0,0,0,0,115,1,18,0,0,0
D'Ernest Johnson,CLE,RB,24,16,0,4,3,0,0,0,166,0,33,14,0,18,0,1,0
Colt McCoy,NYG,QB,34,4,2,0,0,375,1,66,12,0,9,0,0,18,1,1,1
Albert Okwuegbunam,DEN,TE,22,4,0,15,11,0,0,0,0,0,0,121,1,18,0,0,0
Brandon Powell,ATL,WR,25,15,1,18,12,0,0,0,7,0,2,69,2,18,0,2,1
Kalif Raymond,TEN,WR,26,15,3,15,9,0,0,0,-3,0,1,187,0,18,0,0,0
Mason Rudolph,PIT,QB,25,5,1,0,0,324,2,43,-6,0,7,0,0,18,1,0,0
Equanimeous St. Brown,GNB,WR,24,12,1,13,7,0,0,0,7,0,1,117,1,18,0,0,0
Ke'Shawn Vaughn,TAM,RB,23,10,0,10,5,0,0,0,109,0,26,34,1,18,0,1,1
JJ Arcega-Whiteside,PHI,WR,24,8,0,8,4,0,0,0,0,0,0,85,0,17,0,0,0
Dez Bryant,BAL,WR,32,6,0,11,6,0,0,0,0,0,0,47,2,17,0,0,0
Alec Ingold,LVR,RB,24,16,4,17,12,0,0,0,4,0,3,110,1,17,0,0,0
KeeSean Johnson,ARI,WR,24,8,1,23,15,0,0,0,0,0,0,173,0,17,0,0,0
Anthony McFarland Jr.,PIT,RB,21,11,0,10,6,0,0,0,113,0,33,54,0,17,0,0,0
Jeff Smith,NYJ,WR,23,12,4,37,17,0,0,0,0,0,0,167,0,17,0,0,0
Jace Sternberger,GNB,TE,24,12,0,15,12,0,0,0,0,0,0,114,1,17,0,0,0
Mike Thomas,CIN,WR,26,14,0,21,13,0,0,0,1,0,1,132,1,17,0,1,1
Laquon Treadwell,ATL,WR,25,5,0,7,6,0,0,0,0,0,0,49,2,17,0,0,0
Quez Watkins,PHI,WR,22,6,0,13,7,0,0,0,0,0,0,106,1,17,0,0,0
Trayveon Williams,CIN,RB,23,10,0,5,5,0,0,0,157,0,26,30,0,17,0,1,1
Jamal Agnew,DET,WR,25,14,2,20,13,0,0,1,33,0,6,89,0,16,0,2,1
Noah Brown,DAL,WR,24,16,1,24,14,0,0,0,4,0,1,154,0,16,0,0,0
Corey Clement,PHI,RB,26,15,0,6,5,0,0,0,75,1,21,25,0,16,0,0,0
D'Onta Foreman,TEN,RB,24,6,0,1,1,0,0,0,95,0,22,5,1,16,0,0,0
Malcolm Perry,MIA,RB,23,9,2,13,9,0,0,0,5,0,3,92,1,16,0,1,0
Lee Smith,BUF,WR,33,10,2,6,4,0,0,0,0,0,0,35,2,16,0,0,0
Nick Vannett,DEN,TE,27,15,11,21,14,0,0,0,0,0,0,95,1,16,0,0,0
Maxx Williams,ARI,TE,26,9,8,10,8,0,0,0,0,0,0,102,1,16,0,0,0
Reggie Bonnafon,CAR,RB,24,2,0,2,2,0,0,0,69,0,12,18,1,15,0,0,0
Darrell Daniels,ARI,TE,26,12,8,11,8,0,0,0,0,0,0,92,1,15,0,0,0
Tyler Ervin,GNB,RB,27,8,0,15,11,0,0,0,67,0,13,84,0,15,0,0,0
Blaine Gabbert,TAM,QB,31,4,0,0,0,143,2,16,16,0,9,0,0,15,0,1,0
Garrett Gilbert,DAL,QB,29,1,1,0,0,243,1,38,28,0,3,0,0,15,1,0,0
Gabe Nabers,LAC,RB,23,16,5,7,5,0,0,0,7,0,2,25,2,15,0,0,0
Auden Tate,CIN,WR,23,9,2,22,14,0,0,0,0,0,0,150,0,15,0,0,0
C.J. Uzomah,CIN,TE,27,2,2,11,8,0,0,0,0,0,0,87,1,15,0,0,0
T.J. Yeldon,BUF,RB,27,3,0,4,1,0,0,0,70,0,10,22,1,15,0,1,0
Christian Blake,ATL,WR,24,16,0,18,13,0,0,0,0,0,0,141,0,14,0,0,0
Darrynton Evans,TEN,RB,22,5,0,4,2,0,0,0,54,0,14,27,1,14,0,0,0
Troy Fumagalli,DEN,TE,25,8,0,15,8,0,0,0,0,0,0,80,1,14,0,0,0
Geoff Swaim,TEN,TE,27,10,8,12,9,0,0,0,0,0,0,83,1,14,0,0,0
Malik Taylor,GNB,WR,25,15,1,6,5,0,0,0,9,0,1,66,1,14,0,0,0
Mike Boone,MIN,RB,25,16,0,2,2,0,0,0,59,1,11,10,0,13,0,0,0
De'Michael Harris,IND,WR,22,7,0,10,10,0,0,0,46,0,6,79,0,13,0,0,0
LeSean McCoy,TAM,RB,32,10,0,19,15,0,0,0,31,0,10,101,0,13,0,0,0
Ty Montgomery,NOR,RB,27,6,1,6,3,0,0,0,101,0,19,27,0,13,0,0,0
Ryan Nall,CHI,RB,25,16,0,9,8,0,0,0,0,0,3,67,1,13,0,0,0
Jarrett Stidham,NWE,QB,24,5,0,0,0,256,2,44,7,0,7,0,0,13,3,0,0
John Wolford,LAR,QB,25,1,1,0,0,231,0,38,56,0,6,0,0,13,1,0,0
Tarik Cohen,CHI,RB,25,3,0,9,6,0,0,0,74,0,14,41,0,12,0,0,0
Chase Daniel,DET,QB,34,4,0,0,0,264,1,43,16,0,2,0,0,12,2,0,0
Taylor Heinicke,WAS,QB,27,1,0,0,0,137,1,19,22,0,3,0,0,12,0,0,0
Chris Hogan,NYJ,WR,33,5,4,26,14,0,0,0,0,0,0,118,0,12,0,0,0
Patrick Laird,MIA,RB,25,16,0,12,10,0,0,0,72,0,13,68,0,12,0,1,1
Ray-Ray McCloud,PIT,WR,24,16,2,22,20,0,0,0,65,0,4,77,0,12,0,2,1
Dante Pettis,2TM,WR,25,7,1,6,4,0,0,0,0,0,0,76,1,12,0,1,1
Troymaine Pope,LAC,RB,27,6,0,10,8,0,0,0,76,0,15,42,0,12,0,0,0
DeAndre Washington,2TM,RB,27,4,1,10,5,0,0,0,91,0,31,30,0,12,0,0,0
Stephen Anderson,LAC,TE,27,16,3,11,8,0,0,0,0,0,0,106,0,11,0,0,0
Blake Bell,DAL,TE,29,16,2,15,11,0,0,0,2,0,1,110,0,11,0,0,0
Alex Erickson,CIN,WR,28,16,2,17,12,0,0,1,7,0,5,139,0,11,0,2,2
Virgil Green,LAC,TE,32,6,3,6,3,0,0,0,0,0,0,50,1,11,0,0,0
Josh Hill,NOR,TE,30,14,7,10,8,0,0,0,0,0,0,46,1,11,0,1,0
Lil'Jordan Humphrey,NOR,WR,22,3,1,5,3,0,0,0,0,0,0,46,1,11,0,0,0
Brett Rypien,DEN,QB,24,3,1,0,0,295,2,40,-5,0,5,0,0,11,4,1,0
Kaden Smith,NYG,TE,23,15,12,21,18,0,0,0,0,0,0,112,0,11,0,1,0
Diontae Spencer,DEN,WR,28,11,0,6,3,0,0,0,19,0,3,26,0,11,0,2,0
J.J. Taylor,NWE,RB,22,6,0,2,1,0,0,0,110,0,23,4,0,11,0,0,0
Javon Wims,CHI,WR,26,13,1,12,6,0,0,0,2,0,1,48,1,11,0,0,0
Devin Asiasi,NWE,TE,23,9,3,7,2,0,0,0,0,0,0,39,1,10,0,0,0
C.J. Board,NYG,WR,27,14,4,16,11,0,0,0,3,0,1,101,0,10,0,0,0
Jakob Johnson,NWE,RB,26,16,11,9,8,0,0,0,0,0,0,35,1,10,0,1,0
Vance McDonald,PIT,TE,30,14,12,20,15,0,0,0,0,0,0,99,0,10,0,0,0
Brandon Zylstra,CAR,WR,27,16,2,4,3,0,0,0,1,0,1,35,0,10,0,0,0
Matt Barkley,BUF,QB,30,5,0,0,0,197,1,21,-6,0,6,0,0,9,1,0,0
Saquon Barkley,NYG,RB,23,2,2,9,6,0,0,0,34,0,19,60,0,9,0,0,0
Parris Campbell,IND,WR,23,2,2,9,6,0,0,0,16,0,2,71,0,9,0,0,0
Austin Carr,NOR,WR,27,6,0,4,3,0,0,0,0,0,0,27,1,9,0,0,0
Tevin Coleman,SFO,RB,27,8,1,5,4,0,0,0,53,0,28,34,0,9,0,0,0
Dominique Dafney,GNB,TE,23,5,2,2,2,0,0,0,0,0,0,26,1,9,0,0,0
Ryan Griffin,NYJ,TE,30,15,6,12,9,0,0,0,0,0,0,86,0,9,0,0,0
Austin Mack,NYG,WR,23,11,1,11,7,0,0,0,0,0,0,91,0,9,0,0,0
Trace McSorley,BAL,QB,25,2,0,0,0,90,1,10,17,0,5,0,0,9,0,0,0
Artavis Pierce,CHI,RB,24,5,0,0,0,0,0,0,34,1,6,0,0,9,0,0,0
Joe Reed,LAC,WR,22,11,0,1,0,0,0,0,29,1,5,0,0,9,0,0,0
Trent Taylor,SFO,WR,26,12,1,21,10,0,0,0,0,0,0,86,0,9,0,0,0
Tyrod Taylor,LAC,QB,31,2,1,0,0,208,0,30,7,0,6,0,0,9,0,0,0
Phillip Walker,CAR,QB,25,4,1,1,0,368,1,56,-2,0,5,0,0,9,5,1,0
Justin Watson,TAM,WR,24,11,2,11,7,0,0,0,0,0,0,94,0,9,0,0,0
Reggie Gilliam,BUF,TE,23,14,0,2,2,0,0,0,0,0,0,16,1,8,0,0,0
Justice Hill,BAL,RB,23,12,0,5,5,0,0,0,60,0,12,20,0,8,0,0,0
Jake Kumerow,BUF,WR,28,6,0,1,1,0,0,0,0,0,0,22,1,8,0,0,0
C.J. Prosise,HOU,RB,26,10,0,5,5,0,0,0,19,0,10,18,1,8,0,1,1
Patrick Ricard,BAL,RB,26,15,10,12,9,0,0,0,-1,0,1,45,1,8,0,1,1
Chris Streveler,ARI,QB,25,5,0,0,0,105,1,16,15,0,4,0,0,8,1,1,0
Pharoh Cooper,CAR,WR,25,16,1,8,5,0,0,0,0,0,0,73,0,7,0,1,0
Ben DiNucci,DAL,QB,24,3,1,0,0,219,0,43,22,0,6,0,0,7,0,4,2
Buddy Howell,HOU,RB,24,14,0,2,1,0,0,0,64,0,16,3,0,7,0,0,0
Jaylen Samuels,PIT,RB,24,14,1,14,9,0,0,0,28,0,9,46,0,7,0,0,0
Anthony Sherman,KAN,RB,32,13,1,2,1,0,0,0,8,0,3,5,1,7,0,0,0
Keith Smith,ATL,RB,28,16,7,15,11,0,0,0,7,0,4,59,0,7,0,0,0
Courtland Sutton,DEN,WR,25,1,1,6,3,0,0,0,0,0,0,66,0,7,0,0,0
Colin Thompson,CAR,TE,27,15,4,2,1,0,0,0,0,0,0,7,1,7,0,0,0
Jonathan Ward,ARI,RB,23,14,0,1,1,0,0,0,0,0,0,11,1,7,0,0,0
Ja'Marcus Bradley,CLE,WR,24,3,1,11,5,0,0,0,0,0,0,60,0,6,0,0,0
Tyrie Cleveland,DEN,WR,23,10,0,9,6,0,0,0,0,0,0,63,0,6,0,0,0
Jason Croom,PHI,TE,26,4,0,1,1,0,0,0,0,0,0,3,1,6,0,0,0
Ashton Dulin,IND,WR,23,13,0,6,3,0,0,0,11,0,2,53,0,6,0,1,0
Marlon Mack,IND,RB,24,1,1,3,3,0,0,0,26,0,4,30,0,6,0,0,0
Jaydon Mickens,TAM,WR,26,10,0,10,7,0,0,0,0,0,0,58,0,6,0,0,0
Steven Mitchell,HOU,WR,26,6,1,8,5,0,0,0,0,0,0,60,0,6,0,0,0
Damion Ratley,NYG,WR,25,5,0,10,4,0,0,0,0,0,0,63,0,6,0,1,0
Theo Riddick,LVR,RB,29,4,0,6,5,0,0,0,14,0,6,43,0,6,0,0,0
Luke Stocker,ATL,TE,32,16,13,11,7,0,0,0,0,0,0,63,0,6,0,0,0
Jordan Thomas,2TM,TE,24,6,0,2,1,0,0,0,0,0,0,3,1,6,0,0,0
Michael Burton,NOR,RB,28,15,4,4,4,0,0,0,18,0,7,28,0,5,0,0,0
Trenton Cannon,CAR,RB,26,14,0,3,3,0,0,0,33,0,10,16,0,5,0,0,0
Cethan Carter,CIN,TE,25,15,5,7,5,0,0,0,0,0,0,53,0,5,0,0,0
Demetrius Harris,CHI,TE,29,15,5,14,7,0,0,0,0,0,0,45,0,5,0,0,0
Dontrell Hilliard,2TM,RB,25,7,0,1,1,0,0,0,48,0,9,2,0,5,0,0,0
K.J. Hill,LAC,WR,23,15,0,11,7,0,0,0,0,0,0,73,0,5,0,1,1
Chris Manhertz,CAR,TE,28,16,12,8,6,0,0,0,0,0,0,52,0,5,0,0,0
Johnny Mundt,LAR,TE,26,16,1,4,4,0,0,0,0,0,0,53,0,5,0,0,0
Trent Sherfield,ARI,WR,24,15,1,7,5,0,0,0,0,0,0,50,0,5,0,0,0
Levine Toilolo,NYG,TE,29,16,2,6,5,0,0,0,0,0,0,46,0,5,0,0,0
Nick Westbrook-Ikhine,TEN,WR,23,14,1,8,3,0,0,0,0,0,0,33,0,5,0,0,0
Isaiah Zuber,NWE,WR,23,4,0,2,2,0,0,0,21,0,2,29,0,5,0,0,0
Khari Blasingame,TEN,RB,24,15,7,5,4,0,0,0,0,0,0,39,0,4,0,0,0
Hunter Bryant,DET,TE,22,5,0,3,1,0,0,0,0,0,0,44,0,4,0,0,0
Lawrence Cager,NYJ,WR,23,2,1,6,2,0,0,0,0,0,0,35,0,4,0,0,0
River Cracraft,SFO,WR,26,9,1,9,6,0,0,0,0,0,0,41,0,4,0,0,0
Robert Foster,WAS,WR,26,4,2,6,2,0,0,0,0,0,0,37,0,4,0,0,0
Ted Ginn Jr.,CHI,WR,35,6,0,6,3,0,0,0,0,0,0,40,0,4,0,1,0
Terry Godwin,JAX,WR,24,3,0,6,3,0,0,0,3,0,1,32,0,4,0,0,0
Tanner Hudson,TAM,TE,26,11,0,7,3,0,0,0,0,0,0,41,0,4,0,0,0
Juwan Johnson,NOR,WR,24,7,4,10,4,0,0,0,0,0,0,39,0,4,0,0,0
Nick Keizer,KAN,TE,25,16,3,9,6,0,0,0,0,0,0,63,0,4,0,1,1
Devine Ozigbo,JAX,RB,24,8,0,9,9,0,0,0,1,0,1,42,0,4,0,0,0
Elijhaa Penny,NYG,RB,27,14,0,3,2,0,0,0,15,0,6,20,0,4,0,0,0
Riley Ridley,CHI,WR,24,5,1,4,4,0,0,0,0,0,0,39,0,4,0,0,0
Kahale Warring,HOU,TE,23,7,0,7,3,0,0,0,0,0,0,35,0,4,0,0,0
Charlie Woerner,SFO,TE,23,14,0,4,3,0,0,0,0,0,0,36,0,4,0,0,0
Deon Yelder,KAN,TE,25,14,1,11,7,0,0,0,0,0,0,36,0,4,0,0,0
Alex Armah,CAR,RB,26,16,1,9,5,0,0,0,9,0,6,18,0,3,0,0,0
Daniel Brown,NYJ,WR,28,16,1,2,2,0,0,0,0,0,0,31,0,3,0,0,0
Stephen Carlson,CLE,TE,24,16,2,2,1,0,0,0,0,0,0,11,0,3,0,0,0
Ben Ellefson,JAX,TE,24,7,4,4,1,0,0,0,0,0,0,10,0,3,0,0,0
Antonio Gandy-Golden,WAS,WR,22,6,2,7,1,0,0,0,22,0,1,3,0,3,0,0,0
Jaeden Graham,ATL,TE,25,16,0,5,3,0,0,0,0,0,0,25,0,3,0,0,0
Robert Griffin III,BAL,QB,30,4,1,0,0,42,0,14,69,0,12,0,0,3,2,1,1
Tyler Huntley,BAL,QB,22,2,0,0,0,15,0,5,23,0,10,0,0,3,0,0,0
Josh Malone,NYJ,WR,24,4,0,6,4,0,0,0,12,0,1,16,0,3,0,0,0
Rashaad Penny,SEA,RB,24,3,0,0,0,0,0,0,34,0,11,0,0,3,0,0,0
Seth Roberts,CAR,WR,29,7,1,6,4,0,0,0,0,0,0,31,0,3,0,0,0
Bo Scarbrough,SEA,RB,26,1,0,0,0,0,0,0,31,0,6,0,0,3,0,0,0
Darrius Shepherd,GNB,WR,25,8,0,8,5,0,0,0,0,0,0,46,0,3,0,1,1
Austin Walter,SFO,RB,24,4,0,1,1,0,0,0,3,0,1,27,0,3,0,0,0
LeVante Bellamy,DEN,RB,24,5,0,1,1,0,0,0,11,0,4,5,0,2,0,0,0
David Blough,DET,QB,25,1,0,0,0,49,0,10,18,0,1,0,0,2,1,0,0
Deontay Burnett,PHI,WR,23,2,0,4,3,0,0,0,0,0,0,19,0,2,0,0,0
Antonio Callaway,MIA,WR,23,5,1,4,2,0,0,0,0,0,0,20,0,2,0,0,0
Joshua Dobbs,PIT,QB,25,1,0,0,0,2,0,5,20,0,2,0,0,2,0,0,0
Rico Dowdle,DAL,RB,22,15,0,0,0,0,0,0,24,0,7,0,0,2,0,0,0
Daurice Fountain,IND,WR,25,5,0,3,2,0,0,0,0,0,0,23,0,2,0,0,0
Penny Hart,SEA,WR,,13,0,1,1,0,0,0,19,0,1,3,0,2,0,0,0
Brian Hoyer,NWE,QB,35,1,1,0,0,130,0,24,8,0,1,0,0,2,1,1,1
Jason Huntley,PHI,RB,22,5,0,2,1,0,0,0,19,0,5,0,0,2,0,0,0
Andy Janovich,CLE,RB,27,14,3,5,2,0,0,0,4,0,2,13,0,2,0,0,0
Case Keenum,CLE,QB,32,2,0,0,0,46,0,10,0,0,0,0,0,2,0,0,0
Dalton Keene,NWE,TE,21,6,0,5,3,0,0,0,0,0,0,16,0,2,0,1,0
Tommylee Lewis,NOR,WR,28,5,0,3,1,0,0,0,14,0,2,5,0,2,0,0,0
Donte Moncrief,NWE,WR,27,6,0,2,1,0,0,0,4,0,1,15,0,2,0,0,0
Colby Parkinson,SEA,TE,21,6,0,2,2,0,0,0,0,0,0,16,0,2,0,0,0
Nathan Peterman,LVR,QB,26,1,0,0,0,25,0,5,9,0,1,0,0,2,0,0,0
Scottie Phillips,HOU,RB,23,8,0,1,1,0,0,0,9,0,2,7,0,2,0,0,0
John Ross,CIN,WR,25,3,1,7,2,0,0,0,0,0,0,17,0,2,0,0,0
Eric Saubert,JAX,TE,26,8,4,4,3,0,0,0,0,0,0,16,0,2,0,0,0
Jaleel Scott,NYJ,WR,25,1,1,1,1,0,0,0,0,0,0,16,0,2,0,0,0
Tommy Stevens,CAR,QB,24,1,0,0,0,0,0,0,24,0,4,0,0,2,0,0,0
Dwayne Washington,NOR,RB,26,11,0,0,0,0,0,0,15,0,8,0,0,2,0,0,0
Jameis Winston,NOR,QB,26,4,0,0,0,75,0,11,-6,0,8,0,0,2,0,0,0
Nick Bellore,SEA,RB,31,16,0,1,1,0,0,0,5,0,1,9,0,1,0,0,0
Tyler Bray,CHI,QB,29,1,0,0,0,18,0,5,0,0,0,0,0,1,0,0,0
Jake Butt,DEN,TE,25,5,1,4,2,0,0,0,0,0,0,5,0,1,0,0,0
Derek Carrier,LVR,TE,30,16,0,1,1,0,0,0,0,0,0,14,0,1,0,0,0
Chandler Cox,MIA,RB,24,8,3,2,2,0,0,0,0,0,0,9,0,1,0,0,0
Josiah Deguara,GNB,TE,23,2,1,2,1,0,0,0,0,0,0,12,0,1,0,0,0
Gehrig Dieter,KAN,WR,27,4,0,2,1,0,0,0,0,0,0,10,0,1,0,0,0
Brandon Dillon,MIN,TE,23,3,0,1,1,0,0,0,0,0,0,6,0,1,0,0,0
D.J. Foster,ARI,RB,27,10,0,1,1,0,0,0,2,0,2,7,0,1,0,0,0
Bennie Fowler,NOR,WR,29,5,0,6,2,0,0,0,0,0,0,11,0,1,0,0,0
Cullen Gillaspia,HOU,RB,25,7,0,1,1,0,0,0,0,0,0,6,0,1,0,0,0
Temarrick Hemingway,WAS,TE,27,8,0,2,1,0,0,0,0,0,0,10,0,1,0,0,0
Cody Hollister,TEN,WR,27,2,0,1,1,0,0,0,0,0,0,12,0,1,0,0,0
Trenton Irwin,CIN,WR,25,1,0,2,1,0,0,0,0,0,0,5,0,1,0,0,0
Blake Jarwin,DAL,TE,26,1,1,1,1,0,0,0,0,0,0,12,0,1,0,0,0
Tony Jones,NOR,RB,23,1,1,0,0,0,0,0,13,0,3,0,0,1,0,0,0
Marcus Kemp,2TM,WR,25,11,0,1,1,0,0,0,0,0,0,11,0,1,0,0,0
Keith Kirkwood,CAR,WR,26,1,0,2,1,0,0,0,0,0,0,13,0,1,0,0,0
John Lovett,GNB,QB,24,8,0,0,0,0,0,0,6,0,3,0,0,1,0,0,0
A.J. McCarron,HOU,QB,30,2,0,0,0,20,0,1,0,0,0,0,0,1,0,0,0
Lamar Miller,CHI,RB,29,1,0,2,2,0,0,0,0,0,0,6,0,1,0,0,0
Senorise Perry,TEN,RB,29,7,0,0,0,0,0,0,9,0,2,0,0,1,0,0,0
James Proche,BAL,WR,24,14,0,3,1,0,0,0,0,0,0,14,0,1,0,0,0
Craig Reynolds,JAX,RB,24,2,0,1,1,0,0,0,4,0,1,3,0,1,0,0,0
Geno Smith,SEA,QB,30,1,0,0,0,33,0,5,-2,0,2,0,0,1,0,1,0
Vyncint Smith,NYJ,WR,24,7,0,3,1,0,0,0,0,0,0,13,0,1,0,0,0
Jeremy Sprinkle,WAS,TE,26,16,6,3,1,0,0,0,0,0,0,6,0,1,0,0,0
Trevon Wesco,NYJ,TE,25,12,4,2,1,0,0,0,0,0,1,5,0,1,0,0,0
Dexter Williams,GNB,RB,23,3,0,0,0,0,0,0,8,0,2,0,0,1,0,0,0
Jonathan Williams,DET,RB,26,5,0,4,4,0,0,0,5,0,1,21,0,1,0,1,1
Luke Willson,2TM,TE,30,8,0,3,1,0,0,0,0,0,0,12,0,1,0,0,0
Logan Woodside,TEN,QB,25,6,0,0,0,7,0,3,10,0,7,0,0,1,0,0,0
Antony Auclair,TAM,,27,8,2,1,0,0,0,0,0,0,0,0,0,,0,0,0
Tavon Austin,GNB,WR,30,4,0,5,5,0,0,0,0,0,0,20,0,,0,1,1
Jeff Badet,WAS,,26,3,0,1,0,0,0,0,0,0,0,0,0,,0,0,0
Kenjon Barner,TAM,,31,6,0,1,0,0,0,0,0,0,0,0,0,,0,0,0
Marcus Baugh,WAS,TE,26,8,1,1,1,0,0,0,0,0,0,2,0,,0,0,0
Evan Baylis,ARI,,27,5,1,0,0,0,0,0,0,0,0,0,0,,0,0,0
Andrew Beck,DEN,,24,10,0,0,0,0,0,0,0,0,0,0,0,,0,0,0
Tony Brooks-James,ATL,RB,26,1,0,0,0,0,0,0,4,0,3,0,0,,0,0,0
Fred Brown,DEN,,27,1,0,0,0,0,0,0,0,0,0,0,0,,0,0,0
Deante Burton,DAL,,26,4,0,0,0,0,0,0,0,0,0,0,0,,0,0,0
Hakeem Butler,PHI,,24,2,0,1,0,0,0,0,0,0,0,0,0,,0,0,0
Deon Cain,PIT,,24,2,0,0,0,0,0,0,0,0,0,0,0,,0,0,0
Sean Culkin,BAL,,27,1,0,0,0,0,0,0,0,0,0,0,0,,0,0,0
Seth Devalve,ARI,,27,4,0,1,0,0,0,0,0,0,0,0,0,,0,0,0
Keelan Doss,LVR,,24,1,0,0,0,0,0,0,0,0,0,0,0,,0,0,0
Trey Edmunds,PIT,,26,4,0,0,0,0,0,0,0,0,0,0,0,,0,0,0
Rico Gafford,LVR,,24,3,0,2,0,0,0,0,0,0,0,0,0,,0,0,0
Zach Gentry,PIT,,24,2,1,0,0,0,0,0,0,0,0,0,0,,0,0,0
C.J. Goodwin,DAL,,30,16,0,1,0,0,0,0,0,0,0,0,0,,0,0,0
Cyril Grayson,TAM,,27,3,0,3,0,0,0,0,0,0,0,0,0,,0,0,0
Garrett Griffin,NOR,,26,4,3,0,0,0,0,0,0,0,0,0,0,,0,0,0
Justin Hardee,NOR,,26,10,0,0,0,0,0,0,0,0,0,0,0,,0,0,0
Clark Harris,CIN,,36,16,0,0,0,0,0,0,0,0,0,0,0,,0,0,0
Hale Hentges,MIN,,24,1,0,0,0,0,0,0,0,0,0,0,0,,0,0,0
J.P. Holtz,CHI,,27,16,1,1,0,0,0,0,0,0,0,0,0,,0,0,0
Johnny Holton,NYG,,30,1,0,0,0,0,0,0,0,0,0,0,0,,0,0,0
Jordan Matthews,SFO,,28,2,0,0,0,0,0,0,0,0,0,0,0,,0,0,0
Marken Michel,CAR,,27,2,0,0,0,0,0,0,0,0,0,0,0,,0,0,0
Bruce Miller,JAX,RB,33,8,5,2,1,0,0,0,0,0,0,2,0,,0,0,0
Chris Moore,BAL,,27,3,0,0,0,0,0,0,0,0,0,0,0,,0,0,0
Jason Moore,LAC,,25,2,0,0,0,0,0,0,0,0,0,0,0,,0,0,0
Stanley Morgan Jr.,CIN,,24,6,0,0,0,0,0,0,0,0,0,0,0,,0,0,0
Jojo Natson,CLE,WR,26,3,0,0,0,0,0,0,3,0,1,0,0,,0,0,0
Isaac Nauta,DET,TE,23,7,0,2,1,0,0,0,0,0,0,3,0,,0,0,0
Qadree Ollison,ATL,RB,24,3,0,0,0,0,0,0,3,0,1,0,0,,0,0,0
Trey Quinn,JAX,,25,1,0,0,0,0,0,0,0,0,0,0,0,,0,0,0
Kevin Rader,PIT,,25,1,1,1,0,0,0,0,0,0,0,0,0,,0,0,0
Matt Schaub,ATL,QB,39,1,0,0,0,0,0,0,-4,0,3,0,0,,0,0,0
Mason Schreck,CIN,,27,14,1,1,0,0,0,0,0,0,0,0,0,,0,0,0
Ricky Seals-Jones,KAN,,25,2,0,1,0,0,0,0,0,0,0,0,0,,0,0,0
Tajae Sharpe,MIN,,26,4,0,3,0,0,0,0,0,0,0,0,0,,0,0,0
Matthew Slater,NWE,,35,16,0,0,0,0,0,0,0,0,0,0,0,,0,0,0
Wendell Smallwood,PIT,,26,1,0,0,0,0,0,0,0,0,0,0,0,,0,0,0
Easton Stick,LAC,QB,25,1,0,0,0,4,0,1,-2,0,1,0,0,,0,0,0
Taywan Taylor,CLE,,25,3,0,1,0,0,0,0,0,0,0,0,0,,0,0,0
Eric Tomlinson,2TM,,28,7,2,1,0,0,0,0,0,0,0,0,0,,0,0,0
Ross Travis,NYJ,,27,1,0,0,0,0,0,0,0,0,0,0,0,,0,0,0
Malik Turner,DAL,,24,6,0,0,0,0,0,0,0,0,0,0,0,,0,0,0
Joe Webb,NYG,,34,2,0,0,0,0,0,0,0,0,0,0,0,,0,0,0
Kevin White,SFO,,28,3,0,0,0,0,0,0,0,0,0,0,0,,0,0,0
Derrick Willies,CLE,,26,1,0,0,0,0,0,0,0,0,0,0,0,,0,0,0
Duke Williams,BUF,,28,1,0,0,0,0,0,0,0,0,0,0,0,,0,0,0
Caleb Wilson,PHI,,24,5,0,0,0,0,0,0,0,0,0,0,0,,0,0,0
Juwann Winfree,GNB,,24,2,0,0,0,0,0,0,0,0,0,0,0,,0,0,0
Tim Boyle,GNB,QB,26,8,0,0,0,0,0,0,-9,0,13,0,0,-1,0,1,0
DeAndre Carter,2TM,WR,27,13,0,2,1,0,0,0,0,0,0,8,0,-1,0,2,1
Adrian Killins,PHI,RB,22,1,0,1,1,0,0,0,-12,0,1,2,0,-1,0,0,0
Andre Roberts,BUF,WR,32,15,0,5,4,0,0,0,-3,0,1,34,0,-1,0,3,2
Nate Sudfeld,PHI,QB,27,1,0,0,0,32,0,12,12,0,2,0,0,-2,1,1,1
Nsimba Webster,LAR,,24,16,0,0,0,0,0,0,0,0,0,0,0,-2,0,3,1
Dede Westbrook,JAX,WR,27,2,0,1,1,0,0,0,0,0,0,4,0,-2,0,1,1
Kendall Hinton,DEN,WR,23,1,0,0,0,13,0,9,7,0,2,0,0,-3,2,0,0
