Player,Pos,Tm,PassingYds,PassingTD,Int,PassingAtt,Cmp,RushingAtt,RushingYds,RushingTD,Rec,Tgt,ReceivingYds,ReceivingTD,FL,PPRFantasyPoints,StandardFantasyPoints,HalfPPRFantasyPoints
Matt Ryan,QB,ATL,355.0,3.0,0.0,41.0,31.0,1.0,13.0,0.0,0.0,0.0,0.0,0.0,0.0,27.5,27.5,27.5
Russell Wilson,QB,SEA,222.0,3.0,1.0,23.0,17.0,6.0,20.0,0.0,0.0,0.0,0.0,0.0,0.0,20.880000000000003,20.880000000000003,20.880000000000003
Mitchell Trubisky,QB,CHI,316.0,3.0,1.0,31.0,22.0,8.0,47.0,0.0,0.0,0.0,0.0,0.0,0.0,27.34,27.34,27.34
Carson Wentz,QB,PHI,278.0,3.0,0.0,36.0,26.0,2.0,14.0,0.0,0.0,0.0,0.0,0.0,0.0,24.519999999999996,24.519999999999996,24.519999999999996
Jameis Winston,QB,TAM,395.0,4.0,2.0,41.0,30.0,5.0,29.0,0.0,0.0,0.0,0.0,0.0,0.0,30.700000000000003,30.700000000000003,30.700000000000003
C.J. Beathard,QB,SFO,245.0,2.0,1.0,23.0,16.0,3.0,21.0,0.0,0.0,0.0,0.0,0.0,0.0,17.900000000000002,17.900000000000002,17.900000000000002
Sam Darnold,QB,NYJ,280.0,2.0,1.0,30.0,24.0,6.0,8.0,0.0,0.0,0.0,0.0,0.0,0.0,18.0,18.0,18.0
Patrick Mahomes,QB,KAN,352.0,4.0,2.0,36.0,23.0,2.0,9.0,0.0,0.0,0.0,0.0,0.0,0.0,26.979999999999997,26.979999999999997,26.979999999999997
Tom Brady,QB,NWE,340.0,1.0,0.0,35.0,24.0,3.0,2.0,1.0,0.0,0.0,0.0,0.0,1.0,21.8,21.8,21.8
Dak Prescott,QB,DAL,183.0,2.0,0.0,27.0,17.0,11.0,82.0,1.0,0.0,0.0,0.0,0.0,0.0,29.52,29.52,29.52
Philip Rivers,QB,LAC,207.0,2.0,1.0,20.0,11.0,0.0,0.0,0.0,0.0,0.0,0.0,0.0,0.0,14.280000000000001,14.280000000000001,14.280000000000001
Ben Roethlisberger,QB,PIT,369.0,1.0,0.0,46.0,32.0,1.0,-1.0,0.0,1.0,1.0,-1.0,0.0,0.0,19.559999999999995,18.559999999999995,19.059999999999995
Aaron Rodgers,QB,GNB,425.0,2.0,0.0,46.0,25.0,3.0,34.0,0.0,0.0,0.0,0.0,0.0,0.0,28.4,28.4,28.4
Geno Smith,QB,LAC,8.0,0.0,0.0,1.0,1.0,2.0,-2.0,0.0,0.0,0.0,0.0,0.0,0.0,0.12,0.12,0.12
Brock Osweiler,QB,MIA,380.0,3.0,2.0,44.0,28.0,2.0,8.0,0.0,0.0,0.0,0.0,0.0,0.0,24.0,24.0,24.0
Cam Newton,QB,CAR,275.0,2.0,1.0,40.0,27.0,9.0,43.0,0.0,0.0,0.0,0.0,0.0,0.0,21.3,21.3,21.3
Andy Dalton,QB,CIN,229.0,2.0,0.0,42.0,26.0,0.0,0.0,0.0,0.0,0.0,0.0,0.0,0.0,17.16,17.16,17.16
Case Keenum,QB,DEN,322.0,2.0,1.0,41.0,25.0,1.0,6.0,0.0,0.0,0.0,0.0,0.0,0.0,19.480000000000004,19.480000000000004,19.480000000000004
Marcus Mariota,QB,TEN,117.0,0.0,0.0,15.0,10.0,2.0,25.0,0.0,0.0,0.0,0.0,0.0,0.0,7.18,7.18,7.18
Alex Smith,QB,WAS,163.0,2.0,0.0,36.0,21.0,6.0,13.0,0.0,0.0,0.0,0.0,0.0,0.0,15.82,15.82,15.82
Kirk Cousins,QB,MIN,233.0,1.0,1.0,34.0,24.0,4.0,14.0,1.0,1.0,1.0,-1.0,0.0,1.0,17.619999999999997,16.619999999999997,17.119999999999997
Derek Carr,QB,OAK,142.0,0.0,0.0,31.0,23.0,4.0,31.0,0.0,0.0,0.0,0.0,0.0,2.0,4.779999999999999,4.779999999999999,4.779999999999999
Joe Flacco,QB,BAL,238.0,1.0,1.0,37.0,25.0,3.0,4.0,0.0,0.0,0.0,0.0,0.0,0.0,11.92,11.92,11.92
Andrew Luck,QB,IND,301.0,4.0,3.0,43.0,23.0,2.0,7.0,0.0,0.0,0.0,0.0,0.0,0.0,22.74,22.74,22.74
Josh Rosen,QB,ARI,240.0,0.0,1.0,31.0,21.0,0.0,0.0,0.0,0.0,0.0,0.0,0.0,0.0,7.6,7.6,7.6
Josh Allen,QB,BUF,84.0,0.0,0.0,17.0,10.0,4.0,20.0,0.0,0.0,0.0,0.0,0.0,0.0,5.359999999999999,5.359999999999999,5.359999999999999
Blake Bortles,QB,JAX,149.0,1.0,1.0,26.0,15.0,4.0,22.0,0.0,0.0,0.0,0.0,0.0,0.0,10.16,10.16,10.16
Eli Manning,QB,NYG,281.0,0.0,1.0,43.0,24.0,0.0,0.0,0.0,0.0,0.0,0.0,0.0,0.0,9.24,9.24,9.24
Deshaun Watson,QB,HOU,177.0,1.0,2.0,25.0,15.0,2.0,2.0,0.0,0.0,0.0,0.0,0.0,1.0,5.279999999999999,5.279999999999999,5.279999999999999
Jared Goff,QB,LAR,201.0,0.0,1.0,28.0,14.0,4.0,14.0,0.0,0.0,0.0,0.0,0.0,0.0,7.4399999999999995,7.4399999999999995,7.4399999999999995
Nathan Peterman,QB,BUF,61.0,1.0,2.0,12.0,6.0,1.0,2.0,0.0,0.0,0.0,0.0,0.0,0.0,2.6399999999999997,2.6399999999999997,2.6399999999999997
Baker Mayfield,QB,CLE,238.0,1.0,2.0,46.0,22.0,2.0,8.0,0.0,0.0,0.0,0.0,0.0,0.0,10.32,10.32,10.32
DeAndre Hopkins,WR,HOU,0.0,0.0,0.0,1.0,0.0,0.0,0.0,0.0,5.0,6.0,63.0,1.0,0.0,17.3,12.3,14.8
Todd Gurley,HB,LAR,0.0,0.0,0.0,0.0,0.0,28.0,208.0,2.0,2.0,5.0,17.0,0.0,0.0,36.5,34.5,35.5
Latavius Murray,HB,MIN,0.0,0.0,0.0,0.0,0.0,24.0,155.0,1.0,1.0,2.0,3.0,0.0,0.0,22.8,21.8,22.3
Melvin Gordon,RB,LAC,0.0,0.0,0.0,0.0,0.0,18.0,132.0,3.0,2.0,4.0,18.0,0.0,0.0,35.0,33.0,34.0
Saquon Barkley,RB,NYG,0.0,0.0,0.0,0.0,0.0,13.0,130.0,1.0,9.0,12.0,99.0,0.0,0.0,37.9,28.9,33.4
James Conner,RB,PIT,0.0,0.0,0.0,0.0,0.0,19.0,111.0,2.0,4.0,7.0,18.0,0.0,0.0,28.900000000000002,24.900000000000002,26.900000000000002
Ezekiel Elliott,RB,DAL,0.0,0.0,0.0,0.0,0.0,24.0,106.0,1.0,1.0,1.0,11.0,0.0,0.0,18.700000000000003,17.700000000000003,18.200000000000003
Sony Michel,RB,NWE,0.0,0.0,0.0,0.0,0.0,24.0,106.0,2.0,0.0,0.0,0.0,0.0,0.0,22.6,22.6,22.6
Frank Gore,RB,MIA,0.0,0.0,0.0,0.0,0.0,15.0,101.0,0.0,1.0,1.0,18.0,0.0,0.0,12.9,11.9,12.4
Adrian Peterson,RB,WAS,0.0,0.0,0.0,0.0,0.0,17.0,97.0,0.0,0.0,0.0,0.0,0.0,0.0,9.7,9.7,9.7
Marlon Mack,RB,IND,0.0,0.0,0.0,0.0,0.0,12.0,89.0,0.0,1.0,2.0,4.0,0.0,0.0,10.3,9.3,9.8
Raheem Mostert,RB,SFO,0.0,0.0,0.0,0.0,0.0,12.0,87.0,0.0,0.0,0.0,0.0,0.0,0.0,8.7,8.7,8.7
Peyton Barber,RB,TAM,0.0,0.0,0.0,0.0,0.0,13.0,82.0,0.0,4.0,4.0,24.0,1.0,0.0,20.599999999999998,16.599999999999998,18.599999999999998
Kareem Hunt,RB,KAN,0.0,0.0,0.0,0.0,0.0,10.0,80.0,0.0,5.0,6.0,105.0,1.0,0.0,29.5,24.5,27.0
LeSean McCoy,RB,BUF,0.0,0.0,0.0,0.0,0.0,16.0,73.0,0.0,3.0,5.0,21.0,0.0,0.0,12.4,9.4,10.9
Jordan Howard,RB,CHI,0.0,0.0,0.0,0.0,0.0,14.0,69.0,0.0,0.0,0.0,0.0,0.0,1.0,4.9,4.9,4.9
Joe Mixon,HB,CIN,0.0,0.0,0.0,0.0,0.0,11.0,64.0,1.0,4.0,7.0,20.0,0.0,0.0,18.4,14.4,16.4
Matt Breida,RB,SFO,0.0,0.0,0.0,0.0,0.0,14.0,61.0,1.0,0.0,0.0,0.0,0.0,0.0,12.1,12.1,12.1
Austin Ekeler,RB,LAC,0.0,0.0,0.0,0.0,0.0,7.0,60.0,0.0,0.0,0.0,0.0,0.0,0.0,6.0,6.0,6.0
Chris Carson,RB,SEA,0.0,0.0,0.0,0.0,0.0,14.0,59.0,0.0,0.0,0.0,0.0,0.0,0.0,5.9,5.9,5.9
Bilal Powell,RB,NYJ,0.0,0.0,0.0,0.0,0.0,16.0,59.0,0.0,0.0,0.0,0.0,0.0,0.0,5.9,5.9,5.9
Kenyan Drake,RB,MIA,0.0,0.0,0.0,0.0,0.0,13.0,57.0,0.0,4.0,6.0,21.0,0.0,1.0,9.8,5.800000000000001,7.800000000000001
Alex Collins,RB,BAL,0.0,0.0,0.0,0.0,0.0,19.0,54.0,2.0,0.0,0.0,0.0,0.0,0.0,17.4,17.4,17.4
David Johnson,RB,ARI,0.0,0.0,0.0,0.0,0.0,18.0,54.0,1.0,2.0,5.0,15.0,0.0,1.0,12.9,10.9,11.9
Wendell Smallwood,RB,PHI,0.0,0.0,0.0,0.0,0.0,18.0,51.0,0.0,1.0,2.0,0.0,0.0,0.0,6.1,5.1,5.6
Lamar Miller,RB,HOU,0.0,0.0,0.0,0.0,0.0,15.0,46.0,0.0,2.0,3.0,25.0,0.0,0.0,9.1,7.1,8.1
Marshawn Lynch,RB,OAK,0.0,0.0,0.0,0.0,0.0,13.0,45.0,0.0,3.0,5.0,14.0,0.0,0.0,8.9,5.9,7.4
Corey Clement,RB,PHI,0.0,0.0,0.0,0.0,0.0,11.0,43.0,1.0,3.0,3.0,26.0,0.0,0.0,15.9,12.9,14.4
Rashaad Penny,RB,SEA,0.0,0.0,0.0,0.0,0.0,9.0,43.0,0.0,2.0,2.0,27.0,0.0,0.0,9.0,7.0,8.0
Gus Edwards,RB,BAL,0.0,0.0,0.0,0.0,0.0,10.0,42.0,0.0,0.0,0.0,0.0,0.0,0.0,4.2,4.2,4.2
Keenan Allen,WR,LAC,0.0,0.0,0.0,0.0,0.0,4.0,41.0,0.0,4.0,6.0,62.0,0.0,0.0,14.3,10.3,12.3
Aaron Jones,RB,GNB,0.0,0.0,0.0,0.0,0.0,8.0,41.0,0.0,0.0,0.0,0.0,0.0,0.0,4.1,4.1,4.1
T.J. Yeldon,RB,JAX,0.0,0.0,0.0,0.0,0.0,8.0,41.0,0.0,3.0,5.0,29.0,0.0,0.0,10.0,7.0,8.5
Isaiah Crowell,RB,NYJ,0.0,0.0,0.0,0.0,0.0,13.0,40.0,0.0,2.0,2.0,12.0,0.0,0.0,7.2,5.2,6.2
James White,RB,NWE,0.0,0.0,0.0,0.0,0.0,6.0,39.0,0.0,5.0,7.0,53.0,0.0,0.0,14.2,9.2,11.7
Duke Johnson,RB,CLE,0.0,0.0,0.0,0.0,0.0,2.0,36.0,0.0,4.0,5.0,73.0,0.0,0.0,14.9,10.9,12.9
Tevin Coleman,RB,ATL,0.0,0.0,0.0,0.0,0.0,10.0,35.0,0.0,1.0,2.0,6.0,1.0,0.0,11.1,10.1,10.6
Carlos Hyde,RB,CLE,0.0,0.0,0.0,0.0,0.0,14.0,34.0,0.0,0.0,0.0,0.0,0.0,0.0,3.4,3.4,3.4
Tarik Cohen,RB,CHI,0.0,0.0,0.0,0.0,0.0,5.0,31.0,1.0,7.0,9.0,90.0,0.0,1.0,23.1,16.1,19.6
Jamaal Williams,RB,GNB,0.0,0.0,0.0,0.0,0.0,6.0,29.0,0.0,1.0,3.0,10.0,0.0,0.0,4.9,3.9,4.4
Alfred Blue,RB,HOU,0.0,0.0,0.0,0.0,0.0,7.0,26.0,0.0,2.0,3.0,17.0,0.0,0.0,6.3,4.3,5.3
Nick Chubb,RB,CLE,0.0,0.0,0.0,0.0,0.0,3.0,25.0,0.0,0.0,0.0,0.0,0.0,0.0,2.5,2.5,2.5
Malcolm Brown,RB,LAR,0.0,0.0,0.0,0.0,0.0,5.0,24.0,0.0,0.0,0.0,0.0,0.0,0.0,2.4,2.4,2.4
Royce Freeman,RB,DEN,0.0,0.0,0.0,0.0,0.0,9.0,22.0,0.0,0.0,0.0,0.0,0.0,0.0,2.2,2.2,2.2
Lamar Jackson,QB,BAL,0.0,0.0,0.0,0.0,0.0,1.0,22.0,0.0,0.0,0.0,0.0,0.0,0.0,2.2,2.2,2.2
Ito Smith,RB,ATL,0.0,0.0,0.0,0.0,0.0,11.0,22.0,1.0,2.0,2.0,-1.0,0.0,0.0,10.1,8.1,9.1
Mike Davis,RB,SEA,0.0,0.0,0.0,0.0,0.0,6.0,21.0,0.0,1.0,3.0,5.0,0.0,0.0,3.6,2.6,3.1
Derrick Henry,RB,TEN,0.0,0.0,0.0,0.0,0.0,7.0,21.0,0.0,1.0,1.0,5.0,0.0,0.0,3.6,2.6,3.1
Mike Boone,RB,MIN,0.0,0.0,0.0,0.0,0.0,1.0,20.0,0.0,0.0,0.0,0.0,0.0,0.0,2.0,2.0,2.0
Christian McCaffrey,RB,CAR,0.0,0.0,0.0,0.0,0.0,8.0,20.0,0.0,7.0,8.0,46.0,0.0,0.0,13.6,6.6,10.1
Phillip Lindsay,RB,DEN,0.0,0.0,0.0,0.0,0.0,4.0,18.0,0.0,6.0,7.0,48.0,0.0,0.0,12.6,6.6,9.6
D.J. Moore,WR,CAR,0.0,0.0,0.0,0.0,0.0,1.0,18.0,0.0,4.0,5.0,59.0,0.0,2.0,7.7,3.7,5.7
Wayne Gallman,RB,NYG,0.0,0.0,0.0,0.0,0.0,4.0,17.0,0.0,2.0,5.0,25.0,0.0,0.0,6.2,4.2,5.2
Kenjon Barner,RB,NWE,0.0,0.0,0.0,0.0,0.0,3.0,16.0,0.0,0.0,0.0,0.0,0.0,0.0,1.6,1.6,1.6
Devontae Booker,RB,DEN,0.0,0.0,0.0,0.0,0.0,2.0,15.0,0.0,2.0,3.0,14.0,0.0,0.0,4.9,2.9,3.9
Tavon Austin,WR,DAL,0.0,0.0,0.0,0.0,0.0,2.0,14.0,0.0,1.0,1.0,5.0,0.0,0.0,2.9,1.9,2.4
Nyheim Hines,RB,IND,0.0,0.0,0.0,0.0,0.0,3.0,14.0,0.0,2.0,3.0,21.0,0.0,0.0,5.5,3.5,4.5
Cooper Kupp,WR,LAR,0.0,0.0,0.0,0.0,0.0,1.0,12.0,0.0,0.0,0.0,0.0,0.0,0.0,1.2,1.2,1.2
Ty Montgomery,RB,GNB,0.0,0.0,0.0,0.0,0.0,4.0,12.0,1.0,2.0,3.0,10.0,0.0,0.0,10.2,8.2,9.2
Robert Woods,WR,LAR,0.0,0.0,0.0,0.0,0.0,1.0,12.0,0.0,7.0,10.0,109.0,0.0,0.0,19.1,12.1,15.6
Kapri Bibbs,RB,WAS,0.0,0.0,0.0,0.0,0.0,2.0,11.0,0.0,1.0,2.0,6.0,0.0,0.0,2.7,1.7000000000000002,2.2
Robert Turbin,RB,IND,0.0,0.0,0.0,0.0,0.0,4.0,10.0,0.0,1.0,1.0,3.0,0.0,1.0,0.30000000000000004,-0.7,-0.19999999999999996
Mike Williams,WR,LAC,0.0,0.0,0.0,0.0,0.0,1.0,10.0,0.0,1.0,4.0,4.0,0.0,0.0,2.4,1.4,1.9
Stefon Diggs,WR,MIN,0.0,0.0,0.0,0.0,0.0,1.0,9.0,0.0,3.0,4.0,33.0,0.0,0.0,7.2,4.2,5.7
Taylor Gabriel,WR,CHI,0.0,0.0,0.0,0.0,0.0,1.0,9.0,0.0,5.0,5.0,110.0,0.0,0.0,16.9,11.9,14.4
Dion Lewis,RB,TEN,0.0,0.0,0.0,0.0,0.0,5.0,9.0,0.0,2.0,2.0,5.0,0.0,0.0,3.4,1.4,2.4
Benny Cunningham,RB,CHI,0.0,0.0,0.0,0.0,0.0,3.0,8.0,0.0,0.0,0.0,0.0,0.0,0.0,0.8,0.8,0.8
Zach Pascal,WR,IND,0.0,0.0,0.0,0.0,0.0,1.0,8.0,0.0,5.0,7.0,35.0,0.0,0.0,9.3,4.3,6.8
Julian Edelman,WR,NWE,0.0,0.0,0.0,0.0,0.0,1.0,7.0,0.0,4.0,7.0,54.0,1.0,0.0,16.1,12.100000000000001,14.100000000000001
DeSean Jackson,WR,TAM,0.0,0.0,0.0,0.0,0.0,1.0,7.0,0.0,4.0,9.0,77.0,0.0,0.0,12.4,8.4,10.4
Tyler Lockett,WR,SEA,0.0,0.0,0.0,0.0,0.0,1.0,7.0,0.0,3.0,4.0,13.0,1.0,0.0,11.0,8.0,9.5
Maurice Harris,WR,WAS,0.0,0.0,0.0,0.0,0.0,1.0,6.0,0.0,3.0,4.0,13.0,0.0,0.0,4.9,1.9,3.4
Jamaal Charles,RB,JAX,0.0,0.0,0.0,0.0,0.0,5.0,5.0,0.0,1.0,2.0,5.0,0.0,0.0,2.0,1.0,1.5
Marquise Goodwin,WR,SFO,0.0,0.0,0.0,0.0,0.0,1.0,5.0,0.0,4.0,5.0,126.0,2.0,0.0,29.1,25.1,27.1
Chris Ivory,RB,BUF,0.0,0.0,0.0,0.0,0.0,6.0,5.0,0.0,1.0,1.0,4.0,0.0,0.0,1.9,0.9,1.4
David Moore,WR,SEA,0.0,0.0,0.0,0.0,0.0,1.0,5.0,0.0,2.0,3.0,47.0,1.0,0.0,13.2,11.2,12.2
Spencer Ware,RB,KAN,0.0,0.0,0.0,0.0,0.0,2.0,5.0,0.0,2.0,3.0,9.0,0.0,0.0,3.4,1.4,2.4
Chase Edmonds,RB,ARI,0.0,0.0,0.0,0.0,0.0,1.0,4.0,0.0,0.0,0.0,0.0,0.0,0.0,0.4,0.4,0.4
Justin Jackson,RB,LAC,0.0,0.0,0.0,0.0,0.0,3.0,4.0,0.0,1.0,1.0,8.0,0.0,0.0,2.2,1.2000000000000002,1.7000000000000002
Rod Smith,RB,DAL,0.0,0.0,0.0,0.0,0.0,5.0,4.0,0.0,0.0,0.0,0.0,0.0,0.0,0.4,0.4,0.4
Ronald Jones,RB,TAM,0.0,0.0,0.0,0.0,0.0,1.0,3.0,0.0,3.0,3.0,16.0,0.0,0.0,4.9,1.9000000000000001,3.4000000000000004
Cordarrelle Patterson,WR,NWE,0.0,0.0,0.0,0.0,0.0,1.0,3.0,0.0,1.0,1.0,13.0,0.0,0.0,2.6,1.6,2.1
Samaje Perine,RB,WAS,0.0,0.0,0.0,0.0,0.0,1.0,3.0,0.0,1.0,1.0,-3.0,0.0,0.0,1.0,0.0,0.5
Jalen Richard,RB,OAK,0.0,0.0,0.0,0.0,0.0,2.0,3.0,0.0,7.0,8.0,48.0,0.0,0.0,12.1,5.1,8.6
Derrick Coleman,FB,ARI,0.0,0.0,0.0,0.0,0.0,1.0,2.0,0.0,0.0,0.0,0.0,0.0,0.0,0.2,0.2,0.2
Paul Richardson,WR,WAS,0.0,0.0,0.0,0.0,0.0,1.0,2.0,0.0,3.0,5.0,31.0,1.0,0.0,12.3,9.3,10.8
Stevan Ridley,RB,PIT,0.0,0.0,0.0,0.0,0.0,1.0,2.0,0.0,0.0,0.0,0.0,0.0,0.0,0.2,0.2,0.2
Javorius Allen,RB,BAL,0.0,0.0,0.0,0.0,0.0,1.0,1.0,0.0,3.0,3.0,18.0,0.0,0.0,4.9,1.9000000000000001,3.4000000000000004
C.J. Ham,FB,MIN,0.0,0.0,0.0,0.0,0.0,1.0,1.0,0.0,0.0,0.0,0.0,0.0,0.0,0.1,0.1,0.1
Damien Williams,RB,KAN,0.0,0.0,0.0,0.0,0.0,1.0,1.0,0.0,0.0,0.0,0.0,0.0,0.0,0.1,0.1,0.1
Tyrell Williams,WR,LAC,0.0,0.0,0.0,0.0,0.0,1.0,1.0,0.0,3.0,4.0,118.0,2.0,0.0,26.9,23.9,25.4
Quincy Enunwa,WR,NYJ,0.0,0.0,0.0,0.0,0.0,1.0,0.0,0.0,1.0,1.0,9.0,0.0,1.0,-0.10000000000000009,-1.1,-0.6000000000000001
Tyreek Hill,WR,KAN,0.0,0.0,0.0,0.0,0.0,1.0,0.0,0.0,7.0,12.0,142.0,3.0,0.0,39.2,32.2,35.7
Hayden Hurst,TE,BAL,0.0,0.0,0.0,0.0,0.0,1.0,0.0,0.0,0.0,0.0,0.0,0.0,0.0,0.0,0.0,0.0
Eric Ebron,TE,IND,0.0,0.0,0.0,0.0,0.0,1.0,-1.0,0.0,4.0,7.0,71.0,1.0,0.0,17.0,13.0,15.0
Chad Kelly,QB,DEN,0.0,0.0,0.0,0.0,0.0,1.0,-1.0,0.0,0.0,0.0,0.0,0.0,0.0,-0.1,-0.1,-0.1
Sammy Watkins,WR,KAN,0.0,0.0,0.0,0.0,0.0,1.0,-1.0,0.0,2.0,4.0,18.0,0.0,0.0,3.7,1.7,2.7
Mark Walton,HB,CIN,0.0,0.0,0.0,0.0,0.0,2.0,-2.0,0.0,0.0,0.0,0.0,0.0,0.0,-0.2,-0.2,-0.2
Niles Paul,TE,JAX,0.0,0.0,0.0,0.0,0.0,1.0,-3.0,0.0,0.0,0.0,0.0,0.0,0.0,-0.3,-0.3,-0.3
Roc Thomas,RB,MIN,0.0,0.0,0.0,0.0,0.0,1.0,-4.0,0.0,0.0,0.0,0.0,0.0,0.0,-0.4,-0.4,-0.4
Albert Wilson,WR,MIA,0.0,0.0,0.0,0.0,0.0,1.0,-5.0,0.0,6.0,9.0,155.0,2.0,0.0,33.0,27.0,30.0
Julio Jones,WR,ATL,0.0,0.0,0.0,0.0,0.0,0.0,0.0,0.0,10.0,14.0,144.0,0.0,0.0,24.4,14.4,19.4
Davante Adams,WR,GNB,0.0,0.0,0.0,0.0,0.0,0.0,0.0,0.0,10.0,16.0,132.0,2.0,0.0,35.2,25.2,30.2
Adam Thielen,WR,MIN,0.0,0.0,0.0,0.0,0.0,0.0,0.0,0.0,11.0,13.0,123.0,1.0,0.0,29.3,18.3,23.8
Emmanuel Sanders,WR,DEN,0.0,0.0,0.0,0.0,0.0,0.0,0.0,0.0,7.0,10.0,115.0,1.0,0.0,24.5,17.5,21.0
JuJu Smith-Schuster,WR,PIT,0.0,0.0,0.0,0.0,0.0,0.0,0.0,0.0,7.0,10.0,111.0,0.0,0.0,18.1,11.1,14.6
Antonio Brown,WR,PIT,0.0,0.0,0.0,0.0,0.0,0.0,0.0,0.0,5.0,6.0,105.0,1.0,0.0,21.5,16.5,19.0
Jimmy Graham,TE,GNB,0.0,0.0,0.0,0.0,0.0,0.0,0.0,0.0,5.0,9.0,104.0,0.0,0.0,15.4,10.4,12.9
Marquez Valdes-Scantling,WR,GNB,0.0,0.0,0.0,0.0,0.0,0.0,0.0,0.0,3.0,6.0,103.0,0.0,0.0,13.3,10.3,11.8
Cole Beasley,WR,DAL,0.0,0.0,0.0,0.0,0.0,0.0,0.0,0.0,9.0,11.0,101.0,2.0,0.0,31.1,22.1,26.6
Rob Gronkowski,TE,NWE,0.0,0.0,0.0,0.0,0.0,0.0,0.0,0.0,3.0,4.0,97.0,0.0,0.0,12.7,9.7,11.2
Jermaine Kearse,WR,NYJ,0.0,0.0,0.0,0.0,0.0,0.0,0.0,0.0,9.0,10.0,94.0,0.0,0.0,18.4,9.4,13.9
Michael Crabtree,WR,BAL,0.0,0.0,0.0,0.0,0.0,0.0,0.0,0.0,6.0,9.0,93.0,1.0,0.0,21.3,15.3,18.3
Nelson Agholor,WR,PHI,0.0,0.0,0.0,0.0,0.0,0.0,0.0,0.0,3.0,5.0,91.0,0.0,0.0,12.1,9.1,10.6
Doug Baldwin,WR,SEA,0.0,0.0,0.0,0.0,0.0,0.0,0.0,0.0,6.0,8.0,91.0,0.0,0.0,15.1,9.1,12.1
A.J. Green,WR,CIN,0.0,0.0,0.0,0.0,0.0,0.0,0.0,0.0,7.0,12.0,85.0,0.0,0.0,15.5,8.5,12.0
Adam Humphries,WR,TAM,0.0,0.0,0.0,0.0,0.0,0.0,0.0,0.0,3.0,4.0,82.0,0.0,0.0,11.2,8.2,9.7
Damion Ratley,WR,CLE,0.0,0.0,0.0,0.0,0.0,0.0,0.0,0.0,6.0,8.0,82.0,0.0,0.0,14.2,8.2,11.2
Chris Hogan,WR,NWE,0.0,0.0,0.0,0.0,0.0,0.0,0.0,0.0,4.0,4.0,78.0,0.0,0.0,11.8,7.8,9.8
Christian Kirk,WR,ARI,0.0,0.0,0.0,0.0,0.0,0.0,0.0,0.0,6.0,7.0,77.0,0.0,0.0,13.7,7.7,10.7
Devin Funchess,WR,CAR,0.0,0.0,0.0,0.0,0.0,0.0,0.0,0.0,5.0,8.0,74.0,1.0,0.0,18.4,13.4,15.9
Alshon Jeffery,WR,PHI,0.0,0.0,0.0,0.0,0.0,0.0,0.0,0.0,8.0,12.0,74.0,2.0,0.0,27.4,19.4,23.4
Austin Hooper,TE,ATL,0.0,0.0,0.0,0.0,0.0,0.0,0.0,0.0,9.0,10.0,71.0,1.0,0.0,22.1,13.1,17.6
Ricky Seals-Jones,TE,ARI,0.0,0.0,0.0,0.0,0.0,0.0,0.0,0.0,5.0,6.0,69.0,0.0,0.0,11.9,6.9,9.4
Vance McDonald,TE,PIT,0.0,0.0,0.0,0.0,0.0,0.0,0.0,0.0,7.0,8.0,68.0,0.0,0.0,13.8,6.8,10.3
Allen Robinson,WR,CHI,0.0,0.0,0.0,0.0,0.0,0.0,0.0,0.0,5.0,6.0,64.0,1.0,0.0,17.4,12.4,14.9
Tyler Boyd,WR,CIN,0.0,0.0,0.0,0.0,0.0,0.0,0.0,0.0,7.0,9.0,62.0,2.0,0.0,25.2,18.2,21.7
O.J. Howard,TE,TAM,0.0,0.0,0.0,0.0,0.0,0.0,0.0,0.0,4.0,4.0,62.0,1.0,0.0,16.2,12.2,14.2
Travis Kelce,TE,KAN,0.0,0.0,0.0,0.0,0.0,0.0,0.0,0.0,5.0,9.0,61.0,0.0,0.0,11.1,6.1,8.6
Willie Snead,WR,BAL,0.0,0.0,0.0,0.0,0.0,0.0,0.0,0.0,7.0,10.0,60.0,0.0,0.0,13.0,6.0,9.5
Danny Amendola,WR,MIA,0.0,0.0,0.0,0.0,0.0,0.0,0.0,0.0,8.0,11.0,59.0,0.0,0.0,13.9,5.9,9.9
Mike Evans,WR,TAM,0.0,0.0,0.0,0.0,0.0,0.0,0.0,0.0,4.0,5.0,58.0,0.0,0.0,9.8,5.8,7.8
Courtland Sutton,WR,DEN,0.0,0.0,0.0,0.0,0.0,0.0,0.0,0.0,3.0,4.0,58.0,0.0,0.0,8.8,5.8,7.3
Terrelle Pryor,WR,NYJ,0.0,0.0,0.0,0.0,0.0,0.0,0.0,0.0,5.0,6.0,57.0,1.0,0.0,16.7,11.7,14.2
Demaryius Thomas,WR,DEN,0.0,0.0,0.0,0.0,0.0,0.0,0.0,0.0,3.0,4.0,57.0,1.0,0.0,14.7,11.7,13.2
Chris Godwin,WR,TAM,0.0,0.0,0.0,0.0,0.0,0.0,0.0,0.0,6.0,9.0,56.0,1.0,0.0,17.6,11.6,14.6
Chris Herndon,TE,NYJ,0.0,0.0,0.0,0.0,0.0,0.0,0.0,0.0,2.0,2.0,56.0,1.0,0.0,13.6,11.6,12.6
David Njoku,TE,CLE,0.0,0.0,0.0,0.0,0.0,0.0,0.0,0.0,7.0,12.0,55.0,1.0,0.0,18.5,11.5,15.0
Chester Rogers,WR,IND,0.0,0.0,0.0,0.0,0.0,0.0,0.0,0.0,4.0,10.0,55.0,1.0,0.0,15.5,11.5,13.5
C.J. Uzomah,TE,CIN,0.0,0.0,0.0,0.0,0.0,0.0,0.0,0.0,6.0,7.0,54.0,0.0,0.0,11.4,5.4,8.4
Brandin Cooks,WR,LAR,0.0,0.0,0.0,0.0,0.0,0.0,0.0,0.0,2.0,6.0,53.0,0.0,0.0,7.3,5.3,6.3
Marcus Johnson,WR,IND,0.0,0.0,0.0,0.0,0.0,0.0,0.0,0.0,2.0,3.0,52.0,1.0,0.0,13.2,11.2,12.2
Cody Latimer,WR,NYG,0.0,0.0,0.0,0.0,0.0,0.0,0.0,0.0,3.0,4.0,52.0,0.0,0.0,8.2,5.2,6.7
Nick O'Leary,TE,MIA,0.0,0.0,0.0,0.0,0.0,0.0,0.0,0.0,4.0,4.0,49.0,1.0,0.0,14.9,10.9,12.9
Vernon Davis,WR,WAS,0.0,0.0,0.0,0.0,0.0,0.0,0.0,0.0,3.0,3.0,48.0,1.0,0.0,13.8,10.8,12.3
Greg Olsen,TE,CAR,0.0,0.0,0.0,0.0,0.0,0.0,0.0,0.0,4.0,7.0,48.0,0.0,0.0,8.8,4.8,6.8
Calvin Ridley,WR,ATL,0.0,0.0,0.0,0.0,0.0,0.0,0.0,0.0,3.0,3.0,47.0,0.0,0.0,7.7,4.7,6.2
Mohamed Sanu,WR,ATL,0.0,0.0,0.0,0.0,0.0,0.0,0.0,0.0,2.0,2.0,46.0,1.0,0.0,12.6,10.6,11.6
Odell Beckham,WR,NYG,0.0,0.0,0.0,0.0,0.0,0.0,0.0,0.0,6.0,10.0,44.0,0.0,0.0,10.4,4.4,7.4
Kelvin Benjamin,WR,BUF,0.0,0.0,0.0,0.0,0.0,0.0,0.0,0.0,2.0,6.0,43.0,0.0,0.0,6.3,4.3,5.3
Zach Ertz,TE,PHI,0.0,0.0,0.0,0.0,0.0,0.0,0.0,0.0,7.0,9.0,43.0,1.0,0.0,17.3,10.3,13.8
Torrey Smith,WR,CAR,0.0,0.0,0.0,0.0,0.0,0.0,0.0,0.0,5.0,5.0,43.0,1.0,0.0,15.3,10.3,12.8
Josh Gordon,WR,NWE,0.0,0.0,0.0,0.0,0.0,0.0,0.0,0.0,5.0,9.0,42.0,0.0,0.0,9.2,4.2,6.7
Keelan Cole,WR,JAX,0.0,0.0,0.0,0.0,0.0,0.0,0.0,0.0,4.0,5.0,41.0,0.0,1.0,6.1,2.0999999999999996,4.1
Robby Anderson,WR,NYJ,0.0,0.0,0.0,0.0,0.0,0.0,0.0,0.0,3.0,5.0,39.0,0.0,0.0,6.9,3.9,5.4
Larry Fitzgerald,WR,ARI,0.0,0.0,0.0,0.0,0.0,0.0,0.0,0.0,5.0,8.0,39.0,0.0,0.0,8.9,3.9,6.4
Laquon Treadwell,WR,MIN,0.0,0.0,0.0,0.0,0.0,0.0,0.0,0.0,4.0,4.0,38.0,0.0,0.0,7.8,3.8,5.8
Dede Westbrook,WR,JAX,0.0,0.0,0.0,0.0,0.0,0.0,0.0,0.0,3.0,5.0,38.0,1.0,0.0,12.8,9.8,11.3
Pierre Garcon,WR,SFO,0.0,0.0,0.0,0.0,0.0,0.0,0.0,0.0,4.0,6.0,37.0,0.0,0.0,7.7,3.7,5.7
Lance Kendricks,TE,GNB,0.0,0.0,0.0,0.0,0.0,0.0,0.0,0.0,2.0,4.0,37.0,0.0,0.0,5.7,3.7,4.7
Kyle Rudolph,TE,MIN,0.0,0.0,0.0,0.0,0.0,0.0,0.0,0.0,4.0,5.0,37.0,0.0,0.0,7.7,3.7,5.7
Sterling Shepard,WR,NYG,0.0,0.0,0.0,0.0,0.0,0.0,0.0,0.0,3.0,7.0,37.0,0.0,0.0,6.7,3.7,5.2
Jordan Reed,TE,WAS,0.0,0.0,0.0,0.0,0.0,0.0,0.0,0.0,5.0,9.0,36.0,0.0,0.0,8.6,3.6,6.1
Xavier Grimble,TE,PIT,0.0,0.0,0.0,0.0,0.0,0.0,0.0,0.0,2.0,2.0,35.0,0.0,0.0,5.5,3.5,4.5
Zay Jones,WR,BUF,0.0,0.0,0.0,0.0,0.0,0.0,0.0,0.0,3.0,8.0,35.0,1.0,0.0,12.5,9.5,11.0
Kenny Stills,WR,MIA,0.0,0.0,0.0,0.0,0.0,0.0,0.0,0.0,1.0,2.0,35.0,0.0,0.0,4.5,3.5,4.0
Mo Alie-Cox,TE,IND,0.0,0.0,0.0,0.0,0.0,0.0,0.0,0.0,1.0,2.0,34.0,0.0,0.0,4.4,3.4,3.9
Keke Coutee,WR,HOU,0.0,0.0,0.0,0.0,0.0,0.0,0.0,0.0,3.0,5.0,33.0,0.0,0.0,6.3,3.3,4.8
Will Fuller,WR,HOU,0.0,0.0,0.0,0.0,0.0,0.0,0.0,0.0,2.0,3.0,33.0,0.0,0.0,5.3,3.3,4.3
Justin Hardy,WR,ATL,0.0,0.0,0.0,0.0,0.0,0.0,0.0,0.0,3.0,7.0,33.0,0.0,0.0,6.3,3.3,4.8
Tajae Sharpe,WR,TEN,0.0,0.0,0.0,0.0,0.0,0.0,0.0,0.0,2.0,2.0,33.0,0.0,0.0,5.3,3.3,4.3
Jakeem Grant,WR,MIA,0.0,0.0,0.0,0.0,0.0,0.0,0.0,0.0,3.0,4.0,32.0,0.0,0.0,6.2,3.2,4.7
Seth Roberts,WR,OAK,0.0,0.0,0.0,0.0,0.0,0.0,0.0,0.0,5.0,6.0,31.0,0.0,0.0,8.1,3.1,5.6
Kyle Juszczyk,FB,SFO,0.0,0.0,0.0,0.0,0.0,0.0,0.0,0.0,3.0,3.0,30.0,0.0,1.0,4.0,1.0,2.5
George Kittle,TE,SFO,0.0,0.0,0.0,0.0,0.0,0.0,0.0,0.0,4.0,6.0,30.0,0.0,0.0,7.0,3.0,5.0
Anthony Miller,WR,CHI,0.0,0.0,0.0,0.0,0.0,0.0,0.0,0.0,1.0,4.0,29.0,1.0,0.0,9.9,8.9,9.4
James O'Shaughnessy,TE,JAX,0.0,0.0,0.0,0.0,0.0,0.0,0.0,0.0,3.0,4.0,29.0,0.0,0.0,5.9,2.9,4.4
John Brown,WR,BAL,0.0,0.0,0.0,0.0,0.0,0.0,0.0,0.0,2.0,3.0,28.0,0.0,0.0,4.8,2.8,3.8
Michael Gallup,WR,DAL,0.0,0.0,0.0,0.0,0.0,0.0,0.0,0.0,1.0,2.0,27.0,0.0,0.0,3.7,2.7,3.2
Jermaine Gresham,TE,ARI,0.0,0.0,0.0,0.0,0.0,0.0,0.0,0.0,1.0,1.0,26.0,0.0,0.0,3.6,2.6,3.1
Jesse James,TE,PIT,0.0,0.0,0.0,0.0,0.0,0.0,0.0,0.0,5.0,7.0,26.0,0.0,0.0,7.6,2.6,5.1
Jordan Matthews,WR,PHI,0.0,0.0,0.0,0.0,0.0,0.0,0.0,0.0,2.0,3.0,26.0,0.0,0.0,4.6,2.6,3.6
Anthony Firkser,TE,TEN,0.0,0.0,0.0,0.0,0.0,0.0,0.0,0.0,2.0,2.0,25.0,0.0,0.0,4.5,2.5,3.5
Corey Davis,WR,TEN,0.0,0.0,0.0,0.0,0.0,0.0,0.0,0.0,1.0,4.0,24.0,0.0,0.0,3.4,2.4,2.9
Gerald Everett,TE,LAR,0.0,0.0,0.0,0.0,0.0,0.0,0.0,0.0,2.0,4.0,24.0,0.0,0.0,4.4,2.4,3.4
Ryan Grant,WR,IND,0.0,0.0,0.0,0.0,0.0,0.0,0.0,0.0,2.0,5.0,24.0,0.0,0.0,4.4,2.4,3.4
Scott Simonson,TE,NYG,0.0,0.0,0.0,0.0,0.0,0.0,0.0,0.0,1.0,3.0,24.0,0.0,0.0,3.4,2.4,2.9
Trey Burton,TE,CHI,0.0,0.0,0.0,0.0,0.0,0.0,0.0,0.0,4.0,4.0,23.0,1.0,0.0,12.3,8.3,10.3
Jeff Heuerman,TE,DEN,0.0,0.0,0.0,0.0,0.0,0.0,0.0,0.0,3.0,5.0,23.0,0.0,0.0,5.3,2.3,3.8
Tyrone Swoopes,TE,SEA,0.0,0.0,0.0,0.0,0.0,0.0,0.0,0.0,1.0,1.0,23.0,0.0,0.0,3.3,2.3,2.8
Kendrick Bourne,WR,SFO,0.0,0.0,0.0,0.0,0.0,0.0,0.0,0.0,1.0,3.0,22.0,0.0,0.0,3.2,2.2,2.7
Geoff Swaim,TE,DAL,0.0,0.0,0.0,0.0,0.0,0.0,0.0,0.0,2.0,2.0,21.0,0.0,0.0,4.1,2.1,3.1
Mark Andrews,TE,BAL,0.0,0.0,0.0,0.0,0.0,0.0,0.0,0.0,2.0,4.0,20.0,0.0,0.0,4.0,2.0,3.0
Charles Clay,TE,BUF,0.0,0.0,0.0,0.0,0.0,0.0,0.0,0.0,4.0,5.0,20.0,0.0,0.0,6.0,2.0,4.0
Josh Doctson,WR,WAS,0.0,0.0,0.0,0.0,0.0,0.0,0.0,0.0,3.0,5.0,20.0,0.0,0.0,5.0,2.0,3.5
Andre Holmes,WR,BUF,0.0,0.0,0.0,0.0,0.0,0.0,0.0,0.0,1.0,2.0,20.0,0.0,0.0,3.0,2.0,2.5
Chris Conley,WR,KAN,0.0,0.0,0.0,0.0,0.0,0.0,0.0,0.0,1.0,1.0,19.0,0.0,0.0,2.9,1.9,2.4
Equanimeous St. Brown,WR,GNB,0.0,0.0,0.0,0.0,0.0,0.0,0.0,0.0,1.0,1.0,19.0,0.0,0.0,2.9,1.9,2.4
Martavis Bryant,WR,OAK,0.0,0.0,0.0,0.0,0.0,0.0,0.0,0.0,2.0,3.0,18.0,0.0,0.0,3.8,1.8,2.8
Cameron Brate,TE,TAM,0.0,0.0,0.0,0.0,0.0,0.0,0.0,0.0,1.0,1.0,15.0,1.0,0.0,8.5,7.5,8.0
Rico Gathers,TE,DAL,0.0,0.0,0.0,0.0,0.0,0.0,0.0,0.0,1.0,1.0,14.0,0.0,0.0,2.4,1.4,1.9
Neal Sterling,TE,NYJ,0.0,0.0,0.0,0.0,0.0,0.0,0.0,0.0,2.0,2.0,13.0,0.0,0.0,3.3,1.3,2.3
Taywan Taylor,WR,TEN,0.0,0.0,0.0,0.0,0.0,0.0,0.0,0.0,1.0,2.0,13.0,0.0,0.0,2.3,1.3,1.8
Chris Moore,WR,BAL,0.0,0.0,0.0,0.0,0.0,0.0,0.0,0.0,3.0,3.0,12.0,0.0,0.0,4.2,1.2,2.7
Brian Quick,WR,WAS,0.0,0.0,0.0,0.0,0.0,0.0,0.0,0.0,2.0,2.0,12.0,0.0,0.0,3.2,1.2,2.2
Jonnu Smith,TE,TEN,0.0,0.0,0.0,0.0,0.0,0.0,0.0,0.0,1.0,1.0,12.0,0.0,0.0,2.2,1.2,1.7
DeAndre Carter,WR,PHI,0.0,0.0,0.0,0.0,0.0,0.0,0.0,0.0,1.0,1.0,11.0,0.0,0.0,2.1,1.1,1.6
Mike Gesicki,TE,MIA,0.0,0.0,0.0,0.0,0.0,0.0,0.0,0.0,1.0,2.0,11.0,0.0,0.0,2.1,1.1,1.6
Jarvis Landry,WR,CLE,0.0,0.0,0.0,0.0,0.0,0.0,0.0,0.0,2.0,10.0,11.0,0.0,0.0,3.1,1.1,2.1
Brandon Marshall,WR,SEA,0.0,0.0,0.0,0.0,0.0,0.0,0.0,0.0,1.0,1.0,11.0,0.0,0.0,2.1,1.1,1.6
Jared Cook,TE,OAK,0.0,0.0,0.0,0.0,0.0,0.0,0.0,0.0,2.0,2.0,10.0,0.0,0.0,3.0,1.0,2.0
J'Mon Moore,WR,GNB,0.0,0.0,0.0,0.0,0.0,0.0,0.0,0.0,1.0,1.0,10.0,0.0,0.0,2.0,1.0,1.5
Antonio Callaway,WR,CLE,0.0,0.0,0.0,0.0,0.0,0.0,0.0,0.0,2.0,7.0,9.0,0.0,0.0,2.9,0.9,1.9
Russell Gage,WR,ATL,0.0,0.0,0.0,0.0,0.0,0.0,0.0,0.0,1.0,1.0,9.0,0.0,0.0,1.9,0.9,1.4
JJ Nelson,WR,ARI,0.0,0.0,0.0,0.0,0.0,0.0,0.0,0.0,1.0,2.0,9.0,0.0,0.0,1.9,0.9,1.4
Orson Charles,TE,CLE,0.0,0.0,0.0,0.0,0.0,0.0,0.0,0.0,1.0,1.0,8.0,0.0,0.0,1.8,0.8,1.3
Alex Erickson,WR,CIN,0.0,0.0,0.0,0.0,0.0,0.0,0.0,0.0,2.0,3.0,8.0,0.0,0.0,2.8,0.8,1.8
Doug Martin,RB,OAK,0.0,0.0,0.0,0.0,0.0,0.0,0.0,0.0,1.0,1.0,8.0,0.0,0.0,1.8,0.8,1.3
Nick Boyle,TE,BAL,0.0,0.0,0.0,0.0,0.0,0.0,0.0,0.0,2.0,4.0,7.0,0.0,0.0,2.7,0.7,1.7
Dallas Goedert,TE,PHI,0.0,0.0,0.0,0.0,0.0,0.0,0.0,0.0,1.0,1.0,7.0,0.0,0.0,1.7,0.7,1.2
David Grinnage,TE,JAX,0.0,0.0,0.0,0.0,0.0,0.0,0.0,0.0,1.0,1.0,7.0,0.0,0.0,1.7,0.7,1.2
Dwayne Harris,WR,OAK,0.0,0.0,0.0,0.0,0.0,0.0,0.0,0.0,1.0,1.0,7.0,0.0,0.0,1.7,0.7,1.2
Matt LaCosse,TE,DEN,0.0,0.0,0.0,0.0,0.0,0.0,0.0,0.0,1.0,4.0,7.0,0.0,0.0,1.7,0.7,1.2
Ryan Switzer,WR,PIT,0.0,0.0,0.0,0.0,0.0,0.0,0.0,0.0,1.0,1.0,7.0,0.0,0.0,1.7,0.7,1.2
Jordan Akins,TE,HOU,0.0,0.0,0.0,0.0,0.0,0.0,0.0,0.0,1.0,1.0,6.0,0.0,0.0,1.6,0.6,1.1
Jordy Nelson,WR,OAK,0.0,0.0,0.0,0.0,0.0,0.0,0.0,0.0,2.0,3.0,6.0,0.0,0.0,2.6,0.6,1.6
Antony Auclair,TE,TAM,0.0,0.0,0.0,0.0,0.0,0.0,0.0,0.0,1.0,1.0,5.0,0.0,0.0,1.5,0.5,1.0
Jaron Brown,WR,SEA,0.0,0.0,0.0,0.0,0.0,0.0,0.0,0.0,1.0,1.0,5.0,1.0,0.0,7.5,6.5,7.0
Antonio Gates,TE,LAC,0.0,0.0,0.0,0.0,0.0,0.0,0.0,0.0,1.0,2.0,5.0,0.0,0.0,1.5,0.5,1.0
Chad Williams,WR,ARI,0.0,0.0,0.0,0.0,0.0,0.0,0.0,0.0,1.0,2.0,5.0,0.0,0.0,1.5,0.5,1.0
James Develin,FB,NWE,0.0,0.0,0.0,0.0,0.0,0.0,0.0,0.0,2.0,2.0,3.0,0.0,0.0,2.3,0.3,1.3
Jamize Olawale,WR,DAL,0.0,0.0,0.0,0.0,0.0,0.0,0.0,0.0,1.0,1.0,3.0,0.0,0.0,1.3,0.3,0.8
Jarius Wright,FB,CAR,0.0,0.0,0.0,0.0,0.0,0.0,0.0,0.0,1.0,2.0,3.0,0.0,0.0,1.3,0.3,0.8
Chris Manhertz,TE,CAR,0.0,0.0,0.0,0.0,0.0,0.0,0.0,0.0,1.0,2.0,2.0,0.0,0.0,1.2,0.2,0.7
Ray-Ray McCloud,WR,BUF,0.0,0.0,0.0,0.0,0.0,0.0,0.0,0.0,1.0,1.0,2.0,0.0,1.0,-0.8,-1.8,-1.3
Erik Swoope,TE,IND,0.0,0.0,0.0,0.0,0.0,0.0,0.0,0.0,1.0,2.0,2.0,1.0,0.0,7.2,6.2,6.7
Deonte Thompson,WR,DAL,0.0,0.0,0.0,0.0,0.0,0.0,0.0,0.0,1.0,1.0,1.0,0.0,0.0,1.1,0.1,0.6
Logan Thomas,TE,BUF,0.0,0.0,0.0,0.0,0.0,0.0,0.0,0.0,1.0,1.0,0.0,0.0,0.0,1.0,0.0,0.5
Josh Reynolds,WR,LAR,0.0,0.0,0.0,0.0,0.0,0.0,0.0,0.0,1.0,2.0,-2.0,0.0,0.0,0.8,-0.2,0.3
Anthony Sherman,FB,KAN,0.0,0.0,0.0,0.0,0.0,0.0,0.0,0.0,1.0,1.0,-2.0,0.0,0.0,0.8,-0.2,0.3
Spencer Long,C,NYJ,0.0,0.0,0.0,0.0,0.0,0.0,0.0,0.0,0.0,0.0,0.0,0.0,0.0,0.0,0.0,0.0
Jabrill Peppers,S,CLE,0.0,0.0,0.0,0.0,0.0,0.0,0.0,0.0,0.0,0.0,0.0,0.0,0.0,0.0,0.0,0.0
D.J. Reed,DB,SFO,0.0,0.0,0.0,0.0,0.0,0.0,0.0,0.0,0.0,0.0,0.0,0.0,1.0,-2.0,-2.0,-2.0
