"RK",TIERS,"PLAYER NAME",TEAM,"POS","BYE WEEK","SOS SEASON","ECR VS. ADP"
"1",1,"Christian McCaffrey",CAR,"RB1","13","2 out of 5 stars","0"
"2",1,"Dalvin Cook",MIN,"RB2","7","3 out of 5 stars","0"
"3",1,"Derrick Henry",TEN,"RB3","13","3 out of 5 stars","0"
"4",1,"Alvin Kamara",NO,"RB4","6","2 out of 5 stars","0"
"5",1,"Ezekiel Elliott",DAL,"RB5","7","2 out of 5 stars","0"
"6",1,"Aaron Jones",GB,"RB6","13","0 out of 5 stars","+2"
"7",1,"Nick Chubb",CLE,"RB7","13","4 out of 5 stars","-1"
"8",2,"Jonathan Taylor",IND,"RB8","14","4 out of 5 stars","+1"
"9",2,"Saquon Barkley",NYG,"RB9","10","2 out of 5 stars","+1"
"10",2,"Tyreek Hill",KC,"WR1","12","3 out of 5 stars","+1"
"11",2,"Davante Adams",GB,"WR2","13","1 out of 5 stars","-4"
"12",2,"Stefon Diggs",BUF,"WR3","7","3 out of 5 stars","+4"
"13",2,"Antonio Gibson",WAS,"RB10","9","3 out of 5 stars","+4"
"14",2,"Calvin Ridley",ATL,"WR4","6","4 out of 5 stars","+7"
"15",2,"Travis Kelce",KC,"TE1","12","3 out of 5 stars","-3"
"16",2,"D.K. Metcalf",SEA,"WR5","9","1 out of 5 stars","+2"
"17",3,"DeAndre Hopkins",ARI,"WR6","12","2 out of 5 stars","+3"
"18",3,"Joe Mixon",CIN,"RB11","10","3 out of 5 stars","+1"
"19",3,"Najee Harris",PIT,"RB12","7","5 out of 5 stars","-4"
"20",3,"Darren Waller",LV,"TE2","8","4 out of 5 stars","+4"
"21",3,"Austin Ekeler",LAC,"RB13","7","4 out of 5 stars","-7"
"22",3,"A.J. Brown",TEN,"WR7","13","3 out of 5 stars","+1"
"23",3,"Justin Jefferson",MIN,"WR8","7","3 out of 5 stars","+2"
"24",3,"Patrick Mahomes II",KC,"QB1","12","4 out of 5 stars","-11"
"25",3,"George Kittle",SF,"TE3","6","4 out of 5 stars","+2"
"26",3,"Clyde Edwards-Helaire",KC,"RB14","12","4 out of 5 stars","-4"
"27",3,"Terry McLaurin",WAS,"WR9","9","3 out of 5 stars","+5"
"28",3,"Chris Carson",SEA,"RB15","9","1 out of 5 stars","+3"
"29",3,"Mike Evans",TB,"WR10","9","2 out of 5 stars","+4"
"30",3,"Allen Robinson II",CHI,"WR11","10","3 out of 5 stars","+9"
"31",3,"CeeDee Lamb",DAL,"WR12","7","1 out of 5 stars","+5"
"32",3,"David Montgomery",CHI,"RB16","10","3 out of 5 stars","-2"
"33",3,"Keenan Allen",LAC,"WR13","7","3 out of 5 stars","-4"
"34",4,"Chris Godwin",TB,"WR14","9","2 out of 5 stars","+7"
"35",4,"Amari Cooper",DAL,"WR15","7","1 out of 5 stars","+9"
"36",4,"Robert Woods",LAR,"WR16","11","5 out of 5 stars","+6"
"37",4,"Julio Jones",TEN,"WR17","13","3 out of 5 stars","+6"
"38",4,"D.J. Moore",CAR,"WR18","13","5 out of 5 stars","+17"
"39",4,"Josh Allen",BUF,"QB2","7","1 out of 5 stars","-11"
"40",4,"James Robinson",JAC,"RB17","7","4 out of 5 stars","-6"
"41",4,"D'Andre Swift",DET,"RB18","9","0 out of 5 stars","-3"
"42",4,"Josh Jacobs",LV,"RB19","8","2 out of 5 stars","-16"
"43",4,"Miles Sanders",PHI,"RB20","14","3 out of 5 stars","-8"
"44",4,"Adam Thielen",MIN,"WR19","7","3 out of 5 stars","+1"
"45",4,"Cooper Kupp",LAR,"WR20","11","5 out of 5 stars","+6"
"46",4,"Tyler Lockett",SEA,"WR21","9","1 out of 5 stars","+8"
"47",4,"Gus Edwards",BAL,"RB21","8","4 out of 5 stars","+23"
"48",4,"Kyler Murray",ARI,"QB3","12","2 out of 5 stars","-11"
"49",4,"Brandon Aiyuk",SF,"WR22","6","5 out of 5 stars","+14"
"50",4,"Mark Andrews",BAL,"TE4","8","4 out of 5 stars","+3"
"51",5,"Tee Higgins",CIN,"WR23","10","2 out of 5 stars","+17"
"52",5,"Diontae Johnson",PIT,"WR24","7","2 out of 5 stars","+8"
"53",5,"Lamar Jackson",BAL,"QB4","8","2 out of 5 stars","-13"
"54",5,"T.J. Hockenson",DET,"TE5","9","4 out of 5 stars","+10"
"55",5,"Darrell Henderson",LAR,"RB22","11","4 out of 5 stars","+3"
"56",5,"Kyle Pitts",ATL,"TE6","6","2 out of 5 stars","-7"
"57",5,"Damien Harris",NE,"RB23","14","3 out of 5 stars","+8"
"58",5,"Chase Claypool",PIT,"WR25","7","2 out of 5 stars","+9"
"59",5,"Mike Davis",ATL,"RB24","6","2 out of 5 stars","-3"
"60",5,"Odell Beckham Jr.",CLE,"WR26","13","1 out of 5 stars","+6"
"61",5,"Dak Prescott",DAL,"QB5","7","2 out of 5 stars","-9"
"62",5,"Kenny Golladay",NYG,"WR27","10","3 out of 5 stars","+12"
"63",5,"Kareem Hunt",CLE,"RB25","13","4 out of 5 stars","-15"
"64",5,"Myles Gaskin",MIA,"RB26","14","4 out of 5 stars","-18"
"65",5,"Jerry Jeudy",DEN,"WR28","11","4 out of 5 stars","+12"
"66",5,"Courtland Sutton",DEN,"WR29","11","4 out of 5 stars","+14"
"67",5,"Russell Wilson",SEA,"QB6","9","0 out of 5 stars","-17"
"68",5,"Ja'Marr Chase",CIN,"WR30","10","2 out of 5 stars","+4"
"69",5,"Aaron Rodgers",GB,"QB7","13","2 out of 5 stars","-22"
"70",5,"Javonte Williams",DEN,"RB27","11","5 out of 5 stars","-8"
"71",5,"Justin Herbert",LAC,"QB8","7","2 out of 5 stars","-12"
"72",5,"Raheem Mostert",SF,"RB28","6","3 out of 5 stars","-15"
"73",5,"Chase Edmonds",ARI,"RB29","12","3 out of 5 stars","-12"
"74",5,"JuJu Smith-Schuster",PIT,"WR31","7","2 out of 5 stars","+2"
"75",6,"Robby Anderson",CAR,"WR32","13","5 out of 5 stars","+9"
"76",6,"Ronald Jones II",TB,"RB30","9","0 out of 5 stars","-1"
"77",6,"Deebo Samuel",SF,"WR33","6","5 out of 5 stars","+10"
"78",6,"Brandin Cooks",HOU,"WR34","10","3 out of 5 stars","+21"
"79",6,"Melvin Gordon III",DEN,"RB31","11","5 out of 5 stars","-10"
"80",6,"Tyler Boyd",CIN,"WR35","10","2 out of 5 stars","+9"
"81",6,"Noah Fant",DEN,"TE7","11","4 out of 5 stars","+14"
"82",6,"Tom Brady",TB,"QB9","9","2 out of 5 stars","-11"
"83",6,"Will Fuller V",MIA,"WR36","14","3 out of 5 stars","+30"
"84",6,"D.J. Chark Jr.",JAC,"WR37","7","5 out of 5 stars","+10"
"85",6,"Corey Davis",NYJ,"WR38","6","4 out of 5 stars","+20"
"86",6,"Ryan Tannehill",TEN,"QB10","13","2 out of 5 stars","-3"
"87",6,"DeVonta Smith",PHI,"WR39","14","3 out of 5 stars","-5"
"88",6,"Logan Thomas",WAS,"TE8","9","3 out of 5 stars","-3"
"89",6,"Robert Tonyan",GB,"TE9","13","3 out of 5 stars","-3"
"90",6,"Trey Sermon",SF,"RB32","6","3 out of 5 stars","-11"
"91",6,"Jalen Hurts",PHI,"QB11","14","4 out of 5 stars","+5"
"92",6,"Antonio Brown",TB,"WR40","9","2 out of 5 stars","-1"
"93",6,"James Conner",ARI,"RB33","12","3 out of 5 stars","-3"
"94",6,"Matthew Stafford",LAR,"QB12","11","4 out of 5 stars","-13"
"95",6,"Mike Williams",LAC,"WR41","7","3 out of 5 stars","+17"
"96",6,"Laviska Shenault Jr.",JAC,"WR42","7","5 out of 5 stars","+7"
"97",6,"Dallas Goedert",PHI,"TE10","14","3 out of 5 stars","+1"
"98",6,"Zack Moss",BUF,"RB34","7","3 out of 5 stars","-10"
"99",6,"Tyler Higbee",LAR,"TE11","11","2 out of 5 stars","+20"
"100",6,"AJ Dillon",GB,"RB35","13","0 out of 5 stars","-8"
"101",6,"Michael Gallup",DAL,"WR43","7","1 out of 5 stars","+24"
"102",6,"Leonard Fournette",TB,"RB36","9","0 out of 5 stars","-24"
"103",6,"Jarvis Landry",CLE,"WR44","13","1 out of 5 stars","-6"
"104",6,"Curtis Samuel",WAS,"WR45","9","3 out of 5 stars","+26"
"105",6,"Marvin Jones Jr.",JAC,"WR46","7","5 out of 5 stars","+31"
"106",6,"Joe Burrow",CIN,"QB13","10","2 out of 5 stars","0"
"107",6,"Mike Gesicki",MIA,"TE12","14","4 out of 5 stars","+9"
"108",6,"Michael Carter",NYJ,"RB37","6","4 out of 5 stars","-15"
"109",6,"Jamaal Williams",DET,"RB38","9","0 out of 5 stars","+2"
"110",7,"Kenyan Drake",LV,"RB39","8","2 out of 5 stars","-3"
"111",7,"Michael Pittman Jr.",IND,"WR47","14","5 out of 5 stars","-1"
"112",7,"Devin Singletary",BUF,"RB40","7","3 out of 5 stars","-12"
"113",7,"Jonnu Smith",NE,"TE13","14","5 out of 5 stars","+28"
"114",7,"Marquez Callaway",NO,"WR48","6","4 out of 5 stars","+8"
"115",7,"Jaylen Waddle",MIA,"WR49","14","3 out of 5 stars","-1"
"116",7,"Marquise Brown",BAL,"WR50","8","2 out of 5 stars","+8"
"117",7,"Matt Ryan",ATL,"QB14","6","3 out of 5 stars","+12"
"118",7,"Tony Pollard",DAL,"RB41","7","2 out of 5 stars","+9"
"119",7,"Trevor Lawrence",JAC,"QB15","7","4 out of 5 stars","+9"
"120",7,"Kirk Cousins",MIN,"QB16","7","3 out of 5 stars","+32"
"121",7,"David Johnson",HOU,"RB42","10","4 out of 5 stars","-12"
"122",7,"Rob Gronkowski",TB,"TE14","9","3 out of 5 stars","-21"
"123",7,"DeVante Parker",MIA,"WR51","14","3 out of 5 stars","+23"
"124",7,"Darnell Mooney",CHI,"WR52","10","3 out of 5 stars","+9"
"125",7,"Nyheim Hines",IND,"RB43","14","4 out of 5 stars","+12"
"126",7,"Michael Thomas",NO,"WR53","6","4 out of 5 stars","-53"
"127",7,"Sony Michel",LAR,"RB44","11","4 out of 5 stars","-12"
"128",7,"Phillip Lindsay",HOU,"RB45","10","4 out of 5 stars","+22"
"129",7,"Tua Tagovailoa",MIA,"QB17","14","4 out of 5 stars","+29"
"130",7,"Hunter Henry",NE,"TE15","14","5 out of 5 stars","+36"
"131",7,"Henry Ruggs III",LV,"WR54","8","1 out of 5 stars","-5"
"132",7,"Baker Mayfield",CLE,"QB18","13","3 out of 5 stars","0"
"133",7,"Mecole Hardman",KC,"WR55","12","3 out of 5 stars","-10"
"134",7,"Evan Engram",NYG,"TE16","10","3 out of 5 stars","+36"
"135",7,"Gerald Everett",SEA,"TE17","9","1 out of 5 stars","+47"
"136",7,"Alexander Mattison",MIN,"RB46","7","3 out of 5 stars","+4"
"137",7,"Ryan Fitzpatrick",WAS,"QB19","9","4 out of 5 stars","+44"
"138",7,"Ben Roethlisberger",PIT,"QB20","7","4 out of 5 stars","+11"
"139",7,"Justin Fields",CHI,"QB21","10","2 out of 5 stars","-1"
"140",7,"James White",NE,"RB47","14","3 out of 5 stars","+48"
"141",8,"Jakobi Meyers",NE,"WR56","14","4 out of 5 stars","+33"
"142",8,"Jared Cook",LAC,"TE18","7","3 out of 5 stars","+6"
"143",8,"Elijah Moore",NYJ,"WR57","6","4 out of 5 stars","+24"
"144",8,"Austin Hooper",CLE,"TE19","13","2 out of 5 stars","+76"
"145",8,"Nelson Agholor",NE,"WR58","14","4 out of 5 stars","+16"
"146",8,"Russell Gage",ATL,"WR59","6","4 out of 5 stars","+14"
"147",8,"Cole Beasley",BUF,"WR60","7","3 out of 5 stars","-3"
"148",8,"Blake Jarwin",DAL,"TE20","7","2 out of 5 stars","+84"
"149",8,"Tevin Coleman",NYJ,"RB48","6","4 out of 5 stars","+16"
"150",8,"J.D. McKissic",WAS,"RB49","9","3 out of 5 stars","-5"
"151",8,"Cole Kmet",CHI,"TE21","10","1 out of 5 stars","+92"
"152",8,"Latavius Murray",NO,"RB50","6","2 out of 5 stars","-13"
"153",8,"Trey Lance",SF,"QB22","6","5 out of 5 stars","-11"
"154",8,"Jameis Winston",NO,"QB23","6","3 out of 5 stars","0"
"155",8,"Sterling Shepard",NYG,"WR61","10","3 out of 5 stars","+25"
"156",8,"Derek Carr",LV,"QB24","8","3 out of 5 stars","+31"
"157",8,"Los Angeles Rams",LAR,"DST1","11","3 out of 5 stars","-55"
"158",8,"Jalen Reagor",PHI,"WR62","14","3 out of 5 stars","+57"
"159",8,"Zach Ertz",PHI,"TE22","14","3 out of 5 stars","-4"
"160",8,"Pittsburgh Steelers",PIT,"DST2","7","2 out of 5 stars","-56"
"161",8,"Daniel Jones",NYG,"QB25","10","4 out of 5 stars","+101"
"162",8,"Gabriel Davis",BUF,"WR63","7","3 out of 5 stars","+31"
"163",8,"Rashaad Penny",SEA,"RB51","9","1 out of 5 stars","+5"
"164",8,"Baltimore Ravens",BAL,"DST3","8","2 out of 5 stars","-43"
"165",8,"Bryan Edwards",LV,"WR64","8","1 out of 5 stars","+13"
"166",8,"Giovani Bernard",TB,"RB52","9","0 out of 5 stars","+13"
"167",8,"Zach Wilson",NYJ,"QB26","6","3 out of 5 stars","+28"
"168",8,"Anthony Firkser",TEN,"TE23","13","2 out of 5 stars","+39"
"169",8,"Carson Wentz",IND,"QB27","14","4 out of 5 stars","+105"
"170",8,"Sam Darnold",CAR,"QB28","13","4 out of 5 stars","+100"
"171",8,"Rondale Moore",ARI,"WR65","12","2 out of 5 stars","+13"
"172",8,"Rashod Bateman",BAL,"WR66","8","2 out of 5 stars","+39"
"173",8,"Washington Football Team",WAS,"DST4","9","2 out of 5 stars","-55"
"174",8,"Emmanuel Sanders",BUF,"WR67","7","3 out of 5 stars","+55"
"175",8,"Tampa Bay Buccaneers",TB,"DST5","9","5 out of 5 stars","-67"
"176",8,"San Francisco 49ers",SF,"DST6","6","3 out of 5 stars","-42"
"177",8,"Jamison Crowder",NYJ,"WR68","6","4 out of 5 stars","+37"
"178",8,"Adam Trautman",NO,"TE24","6","4 out of 5 stars","+69"
"179",8,"Tre'Quan Smith",NO,"WR69","6","4 out of 5 stars","+45"
"180",8,"Justin Tucker",BAL,"K1","8","4 out of 5 stars","-63"
"181",8,"Terrace Marshall Jr.",CAR,"WR70","13","5 out of 5 stars","+5"
"182",8,"Carlos Hyde",JAC,"RB53","7","4 out of 5 stars","+27"
"183",8,"Parris Campbell",IND,"WR71","14","5 out of 5 stars","+71"
"184",8,"Malcolm Brown",MIA,"RB54","14","4 out of 5 stars","+26"
"185",8,"Christian Kirk",ARI,"WR72","12","2 out of 5 stars","+36"
"186",8,"Indianapolis Colts",IND,"DST7","14","2 out of 5 stars","-39"
"187",8,"Harrison Butker",KC,"K2","12","2 out of 5 stars","-67"
"188",8,"Darrel Williams",KC,"RB55","12","4 out of 5 stars","+9"
"189",9,"T.Y. Hilton",IND,"WR73","14","5 out of 5 stars","+15"
"190",9,"Younghoe Koo",ATL,"K3","6","3 out of 5 stars","-55"
"191",9,"Eric Ebron",PIT,"TE25","7","5 out of 5 stars","+70"
"192",9,"Rhamondre Stevenson",NE,"RB56","14","3 out of 5 stars","-41"
"193",9,"Damien Williams",CHI,"RB57","10","3 out of 5 stars","+6"
"194",9,"Buffalo Bills",BUF,"DST8","7","3 out of 5 stars","-63"
"195",9,"New England Patriots",NE,"DST9","14","0 out of 5 stars","-42"
"196",9,"Kenneth Gainwell",PHI,"RB58","14","3 out of 5 stars","-7"
"197",9,"Salvon Ahmed",MIA,"RB59","14","4 out of 5 stars","+28"
"198",9,"Greg Zuerlein",DAL,"K4","7","4 out of 5 stars","-35"
"199",9,"A.J. Green",ARI,"WR74","12","2 out of 5 stars","-30"
"200",9,"Marlon Mack",IND,"RB60","14","4 out of 5 stars","-10"
"201",9,"Darius Slayton",NYG,"WR75","10","3 out of 5 stars","+62"
"202",9,"Kansas City Chiefs",KC,"DST10","12","1 out of 5 stars","-10"
"203",9,"Amon-Ra St. Brown",DET,"WR76","9","1 out of 5 stars","-9"
"204",9,"New Orleans Saints",NO,"DST11","6","3 out of 5 stars","+63"
"205",9,"Jason Sanders",MIA,"K5","14","4 out of 5 stars","-48"
"206",9,"Marquez Valdes-Scantling",GB,"WR77","13","1 out of 5 stars","+10"
"207",9,"Tyrell Williams",DET,"WR78","9","1 out of 5 stars","+52"
"208",9,"Chuba Hubbard",CAR,"RB61","13","2 out of 5 stars","-49"
"209",9,"Justin Jackson",LAC,"RB62","7","4 out of 5 stars","+22"
"210",9,"Randall Cobb",GB,"WR79","13","1 out of 5 stars","-9"
"211",9,"Denver Broncos",DEN,"DST12","11","2 out of 5 stars","-47"
"212",9,"Jared Goff",DET,"QB29","9","1 out of 5 stars","+112"
"213",9,"Mark Ingram II",HOU,"RB63","10","4 out of 5 stars","-42"
"214",9,"Rodrigo Blankenship",IND,"K6","14","3 out of 5 stars","-58"
"215",9,"Cleveland Browns",CLE,"DST13","13","3 out of 5 stars","-43"
"216",9,"Miami Dolphins",MIA,"DST14","14","2 out of 5 stars","-43"
"217",9,"Tyler Bass",BUF,"K7","7","3 out of 5 stars","-74"
"218",9,"Allen Lazard",GB,"WR80","13","1 out of 5 stars","+1"
"219",9,"Los Angeles Chargers",LAC,"DST15","7","4 out of 5 stars","+36"
"220",9,"Chicago Bears",CHI,"DST16","10","2 out of 5 stars","+21"
"221",9,"Darrynton Evans",TEN,"RB64","13","3 out of 5 stars","-16"
"222",9,"Matt Prater",ARI,"K8","12","4 out of 5 stars","-22"
"223",9,"Dawson Knox",BUF,"TE26","7","2 out of 5 stars","+42"
"224",9,"Hayden Hurst",ATL,"TE27","6","2 out of 5 stars","+44"
"225",9,"Ryan Succop",TB,"K9","9","2 out of 5 stars","-63"
"226",9,"Robbie Gould",SF,"K10","6","4 out of 5 stars","-43"
"227",9,"Ty Johnson",NYJ,"RB65","6","4 out of 5 stars","-29"
"228",9,"Jason Myers",SEA,"K11","9","4 out of 5 stars","-43"
"229",9,"Teddy Bridgewater",DEN,"QB30","11","5 out of 5 stars","+96"
"230",9,"Sammy Watkins",BAL,"WR81","8","2 out of 5 stars","+41"
"231",9,"Boston Scott",PHI,"RB66","14","3 out of 5 stars","-1"
"232",9,"Tarik Cohen",CHI,"RB67","10","3 out of 5 stars","+8"
"233",9,"O.J. Howard",TB,"TE28","9","3 out of 5 stars","+18"
"234",9,"Joshua Kelley",LAC,"RB68","7","4 out of 5 stars","+23"
"235",9,"Seattle Seahawks",SEA,"DST17","9","4 out of 5 stars","-27"
"236",9,"Green Bay Packers",GB,"DST18","13","5 out of 5 stars","-9"
"237",9,"Mason Crosby",GB,"K12","13","0 out of 5 stars","-60"
"238",9,"KJ Hamler",DEN,"WR82","11","4 out of 5 stars","+121"
"239",9,"Minnesota Vikings",MIN,"DST19","7","3 out of 5 stars","-21"
"240",9,"Dan Arnold",CAR,"TE29","13","4 out of 5 stars","+60"
"241",10,"Daniel Carlson",LV,"K13","8","2 out of 5 stars","-65"
"242",10,"Mac Jones",NE,"QB31","14","5 out of 5 stars","-51"
"243",10,"Jerick McKinnon",KC,"RB69","12","4 out of 5 stars","-17"
"244",10,"Brandon McManus",DEN,"K14","11","1 out of 5 stars","-32"
"245",10,"DeSean Jackson",LAR,"WR83","11","5 out of 5 stars","+65"
"246",10,"Van Jefferson",LAR,"WR84","11","5 out of 5 stars","+131"
"247",10,"Chris Herndon IV",MIN,"TE30","7","2 out of 5 stars","-9"
"248",10,"Hunter Renfrow",LV,"WR85","8","1 out of 5 stars","+83"
"249",10,"Philadelphia Eagles",PHI,"DST20","14","4 out of 5 stars","+98"
"250",10,"Josh Reynolds",TEN,"WR86","13","3 out of 5 stars","+88"
"251",10,"Devontae Booker",NYG,"RB70","10","2 out of 5 stars","-48"
"252",10,"Tim Patrick",DEN,"WR87","11","4 out of 5 stars","+88"
"253",10,"Denzel Mims",NYJ,"WR88","6","4 out of 5 stars","+44"
"254",10,"Jake Elliott",PHI,"K15","14","4 out of 5 stars","+104"
"255",10,"Benny Snell Jr.",PIT,"RB71","7","5 out of 5 stars","-5"
"256",10,"Chris Boswell",PIT,"K16","7","2 out of 5 stars","+88"
"257",10,"Wil Lutz",NO,"K17","6","4 out of 5 stars","-34"
"258",10,"Nico Collins",HOU,"WR89","10","3 out of 5 stars","-14"
"259",10,"Dustin Hopkins",WAS,"K18","9","2 out of 5 stars","+119"
"260",10,"Wayne Gallman Jr.",ATL,"RB72","6","2 out of 5 stars","+20"
"261",10,"Tennessee Titans",TEN,"DST21","13","3 out of 5 stars","-27"
"262",10,"Kadarius Toney",NYG,"WR90","10","3 out of 5 stars","-34"
"263",10,"Arizona Cardinals",ARI,"DST22","12","3 out of 5 stars","-24"
"264",10,"New York Giants",NYG,"DST23","10","4 out of 5 stars","+79"
"265",10,"Jimmy Graham",CHI,"TE31","10","1 out of 5 stars","+4"
"266",10,"Jimmy Garoppolo",SF,"QB32","6","5 out of 5 stars","+67"
"267",10,"Josh Lambo",JAC,"K19","7","5 out of 5 stars","+96"
"268",10,"Taysom Hill",NO,"QB33","6","3 out of 5 stars","-26"
"269",10,"Matt Gay",LAR,"K20","11","5 out of 5 stars","-73"
"270",10,"Matt Breida",BUF,"RB73","7","3 out of 5 stars","-"
"271",10,"Jack Doyle",IND,"TE32","14","4 out of 5 stars","-"
"272",10,"Samaje Perine",CIN,"RB74","10","3 out of 5 stars","+55"
"273",10,"James Washington",PIT,"WR91","7","2 out of 5 stars","+106"
"274",10,"John Brown",FA,"WR92","-","-","+3"
"275",10,"New York Jets",NYJ,"DST24","6","4 out of 5 stars","+90"
"276",10,"La'Mical Perine",NYJ,"RB75","6","4 out of 5 stars","0"
"277",10,"Ka'imi Fairbairn",HOU,"K21","10","3 out of 5 stars","+79"
"278",10,"Anthony McFarland Jr.",PIT,"RB76","7","5 out of 5 stars","-45"
"279",10,"Anthony Miller",HOU,"WR93","10","3 out of 5 stars","+69"
"280",10,"Jeff Wilson Jr.",SF,"RB77","6","3 out of 5 stars","+25"
"281",10,"Dallas Cowboys",DAL,"DST25","7","5 out of 5 stars","+40"
"282",10,"Quintez Cephus",DET,"WR94","9","1 out of 5 stars","+53"
"283",10,"Justice Hill",BAL,"RB78","8","4 out of 5 stars","-27"
"284",10,"Jacksonville Jaguars",JAC,"DST26","7","2 out of 5 stars","+85"
"285",10,"Amari Rodgers",GB,"WR95","13","1 out of 5 stars","+77"
"286",10,"Rashard Higgins",CLE,"WR96","13","1 out of 5 stars","+64"
"287",10,"Zach Pascal",IND,"WR97","14","5 out of 5 stars","+70"
"288",10,"Graham Gano",NYG,"K22","10","2 out of 5 stars","+53"
"289",10,"Donovan Peoples-Jones",CLE,"WR98","13","1 out of 5 stars","-37"
"290",10,"Breshad Perriman",CHI,"WR99","10","3 out of 5 stars","-18"
"291",10,"Kendrick Bourne",NE,"WR100","14","4 out of 5 stars","+89"
"292",10,"Michael Badgley",FA,"K23","-","-","+69"
"293",10,"Keelan Cole Sr.",NYJ,"WR101","6","4 out of 5 stars","+92"
"294",10,"Tyrod Taylor",HOU,"QB34","10","4 out of 5 stars","-6"
"295",10,"Drew Lock",DEN,"QB35","11","5 out of 5 stars","-20"
"296",10,"Preston Williams",MIA,"WR102","14","3 out of 5 stars","+94"
"297",10,"Dyami Brown",WAS,"WR103","9","3 out of 5 stars","+73"
"298",10,"Atlanta Falcons",ATL,"DST27","6","5 out of 5 stars","+69"
"299",10,"Carolina Panthers",CAR,"DST28","13","4 out of 5 stars","-33"
"300",10,"D'Wayne Eskridge",SEA,"WR104","9","1 out of 5 stars","-"
"301",10,"Dalton Schultz",DAL,"TE33","7","2 out of 5 stars","-"
"302",10,"Pat Freiermuth",PIT,"TE34","7","5 out of 5 stars","-127"
"303",10,"DeeJay Dallas",SEA,"RB79","9","1 out of 5 stars","-"
"304",10,"Kyle Rudolph",NYG,"TE35","10","3 out of 5 stars","-"
"305",10,"Ty'Son Williams",BAL,"RB80","8","4 out of 5 stars","-88"
"306",11,"Joey Slye",FA,"K24","-","-","+58"
"307",11,"Mo Alie-Cox",IND,"TE36","14","4 out of 5 stars","+12"
"308",11,"Andy Dalton",CHI,"QB36","10","2 out of 5 stars","-"
"309",11,"N'Keal Harry",NE,"WR105","14","4 out of 5 stars","+72"
"310",11,"Scotty Miller",TB,"WR106","9","2 out of 5 stars","-23"
"311",11,"Ke'Shawn Vaughn",TB,"RB81","9","0 out of 5 stars","+18"
"312",11,"Deshaun Watson",HOU,"QB37","10","4 out of 5 stars","-106"
"313",11,"Josh Palmer",LAC,"WR107","7","3 out of 5 stars","-76"
"314",11,"Cairo Santos",CHI,"K25","10","2 out of 5 stars","+28"
"315",11,"Tony Jones Jr.",NO,"RB82","6","2 out of 5 stars","-113"
"316",11,"Rex Burkhead",HOU,"RB83","10","4 out of 5 stars","-"
"317",11,"Jordan Akins",HOU,"TE37","10","4 out of 5 stars","-72"
"318",11,"Cam Newton",FA,"QB38","-","-","-24"
"319",11,"Tyler Conklin",MIN,"TE38","7","2 out of 5 stars","-"
"320",11,"Larry Rountree III",LAC,"RB84","7","4 out of 5 stars","+12"
"321",11,"Kalen Ballage",PIT,"RB85","7","5 out of 5 stars","+18"
"322",11,"Donald Parham Jr.",LAC,"TE39","7","3 out of 5 stars","+50"
"323",11,"Keke Coutee",IND,"WR108","14","5 out of 5 stars","-3"
"324",11,"Jalen Richard",LV,"RB86","8","2 out of 5 stars","-2"
"325",11,"Austin Seibert",DET,"K26","9","5 out of 5 stars","-"
"326",11,"Will Dissly",SEA,"TE40","9","1 out of 5 stars","-"
"327",11,"Byron Pringle",KC,"WR109","12","3 out of 5 stars","-63"
"328",11,"Tyron Johnson",JAC,"WR110","7","5 out of 5 stars","-"
"329",11,"Ian Thomas",CAR,"TE41","13","4 out of 5 stars","-"
"330",11,"Eno Benjamin",ARI,"RB87","12","3 out of 5 stars","-28"
"331",11,"Demarcus Robinson",KC,"WR111","12","3 out of 5 stars","-"
"332",11,"Jordan Wilkins",IND,"RB88","14","4 out of 5 stars","-"
"333",11,"Travis Fulgham",PHI,"WR112","14","3 out of 5 stars","-5"
"334",11,"Qadree Ollison",FA,"RB89","-","-","-52"
"335",11,"Olamide Zaccheaus",ATL,"WR113","6","4 out of 5 stars","-12"
"336",11,"Andy Isabella",ARI,"WR114","12","2 out of 5 stars","-"
"337",11,"C.J. Uzomah",CIN,"TE42","10","2 out of 5 stars","+15"
"338",11,"David Njoku",CLE,"TE43","13","2 out of 5 stars","+36"
"339",11,"Jermar Jefferson",DET,"RB90","9","0 out of 5 stars","-"
"340",11,"Javian Hawkins",TEN,"RB91","13","3 out of 5 stars","-87"
"341",11,"Quez Watkins",PHI,"WR115","14","3 out of 5 stars","-"
"342",11,"Harrison Bryant",CLE,"TE44","13","2 out of 5 stars","-"
"343",11,"Greg Ward",PHI,"WR116","14","3 out of 5 stars","-"
"344",11,"Miles Boykin",BAL,"WR117","8","2 out of 5 stars","-"
"345",11,"Stephen Gostkowski",FA,"K27","-","-","-"
"346",11,"Jordan Howard",PHI,"RB92","14","3 out of 5 stars","-"
"347",11,"Jake Funk",LAR,"RB93","11","4 out of 5 stars","-"
"348",11,"Tyler Kroft",NYJ,"TE45","6","3 out of 5 stars","-"
"349",11,"Jaret Patterson",WAS,"RB94","9","3 out of 5 stars","-103"
"350",11,"Kerryon Johnson",FA,"RB95","-","-","-14"
"351",11,"Jalen Guyton",LAC,"WR118","7","3 out of 5 stars","+36"
"352",11,"Cody Parkey",CLE,"K28","13","2 out of 5 stars","-3"
"353",11,"Elijah Mitchell",SF,"RB96","6","3 out of 5 stars","-104"
"354",11,"Chris Evans",CIN,"RB97","10","3 out of 5 stars","-"
"355",11,"Evan McPherson",CIN,"K29","10","1 out of 5 stars","-97"
"356",11,"Drew Sample",CIN,"TE46","10","2 out of 5 stars","-"
"357",11,"Xavier Jones",FA,"RB98","-","-","-97"
"358",11,"Kylin Hill",GB,"RB99","13","0 out of 5 stars","-"
"359",11,"Peyton Barber",LV,"RB100","8","2 out of 5 stars","-"
"360",11,"Zane Gonzalez",DET,"K30","9","5 out of 5 stars","-"
"361",12,"Albert Okwuegbunam",DEN,"TE47","11","4 out of 5 stars","-"
"362",12,"Cordarrelle Patterson",ATL,"WR119","6","4 out of 5 stars","-126"
"363",12,"Todd Gurley II",FA,"RB101","-","-","-141"
"364",12,"Houston Texans",HOU,"DST29","10","2 out of 5 stars","-38"
"365",12,"Cincinnati Bengals",CIN,"DST30","10","3 out of 5 stars","+36"
"366",12,"John Ross",NYG,"WR120","10","3 out of 5 stars","-"
"367",12,"Mike Boone",DEN,"RB102","11","5 out of 5 stars","-37"
"368",12,"Las Vegas Raiders",LV,"DST31","8","4 out of 5 stars","-"
"369",12,"Adam Humphries",WAS,"WR121","9","3 out of 5 stars","-"
"370",12,"Duke Johnson Jr.",FA,"RB103","-","-","-"
"371",12,"Juwan Johnson",NO,"TE48","6","4 out of 5 stars","-53"
"372",12,"Royce Freeman",CAR,"RB104","13","2 out of 5 stars","-58"
"373",12,"Le'Veon Bell",FA,"RB105","-","-","-138"
"374",12,"Tutu Atwell",LAR,"WR122","11","5 out of 5 stars","+9"
"375",12,"Detroit Lions",DET,"DST32","9","5 out of 5 stars","+14"
"376",12,"Ito Smith",FA,"RB106","-","-","-8"
"377",12,"Deonte Harris",NO,"WR123","6","4 out of 5 stars","-31"
"378",12,"Cameron Brate",TB,"TE49","9","3 out of 5 stars","-"
"379",12,"Adrian Peterson",FA,"RB107","-","-","-"
"380",12,"Tylan Wallace",BAL,"WR124","8","2 out of 5 stars","-"
"381",12,"Greg Joseph",MIN,"K31","7","0 out of 5 stars","+23"
"382",12,"Dan Bailey",FA,"K32","-","-","-"
"383",12,"Davis Mills",HOU,"QB39","10","4 out of 5 stars","-"
"384",12,"Tyler Johnson",TB,"WR125","9","2 out of 5 stars","-"
"385",12,"Chase McLaughlin",CLE,"K33","13","2 out of 5 stars","+7"
"386",12,"Nick Folk",NE,"K34","14","4 out of 5 stars","-26"
"387",12,"Sam Sloman",PIT,"K35","7","2 out of 5 stars","-"
"388",12,"Khalil Herbert",CHI,"RB108","10","3 out of 5 stars","+14"
"389",12,"Jacob Hollister",JAC,"TE50","7","4 out of 5 stars","-"
"390",12,"Brevin Jordan",HOU,"TE51","10","4 out of 5 stars","-"
"391",12,"Dare Ogunbowale",JAC,"RB109","7","4 out of 5 stars","-"
"392",12,"Auden Tate",CIN,"WR126","10","2 out of 5 stars","-"
"393",12,"Foster Moreau",LV,"TE52","8","4 out of 5 stars","-"
"394",12,"Chris Conley",HOU,"WR127","10","3 out of 5 stars","-12"
"395",12,"Devin Duvernay",BAL,"WR128","8","2 out of 5 stars","-"
"396",12,"Sam Ficken",TEN,"K36","13","2 out of 5 stars","-123"
"397",12,"Ryan Santoso",CAR,"K37","13","5 out of 5 stars","+3"
"398",12,"Maxx Williams",ARI,"TE53","12","2 out of 5 stars","-"
"399",12,"Dede Westbrook",MIN,"WR129","7","3 out of 5 stars","-"
"400",12,"Alex Collins",SEA,"RB110","9","1 out of 5 stars","-"
"401",12,"Taylor Heinicke",WAS,"QB40","9","4 out of 5 stars","-"
"402",12,"Randy Bullock",FA,"K38","-","-","-18"
"403",12,"Jacob Eason",IND,"QB41","14","4 out of 5 stars","-"
"404",12,"James O'Shaughnessy",JAC,"TE54","7","4 out of 5 stars","-"
"405",12,"Steven Sims Jr.",PIT,"WR130","7","2 out of 5 stars","-"
"406",12,"Chris Thompson",FA,"RB111","-","-","-"
"407",12,"Quinn Nordin",NE,"K39","14","4 out of 5 stars","-"
"408",12,"Kylen Granson",IND,"TE55","14","4 out of 5 stars","-"
"409",12,"Jalen Hurd",SF,"WR131","6","5 out of 5 stars","-13"
"410",12,"Jacob Harris",LAR,"TE56","11","2 out of 5 stars","-"
"411",12,"Tristan Vizcaino",LAC,"K40","7","2 out of 5 stars","-"
"412",12,"Gardner Minshew II",PHI,"QB42","14","4 out of 5 stars","-"
"413",12,"Matt Ammendola",NYJ,"K41","6","5 out of 5 stars","-18"
"414",12,"J.J. Taylor",NE,"RB112","14","3 out of 5 stars","-201"
"415",12,"Albert Wilson",MIA,"WR132","14","3 out of 5 stars","-61"
"416",12,"Geoff Swaim",TEN,"TE57","13","2 out of 5 stars","-"
"417",12,"Nick Boyle",BAL,"TE58","8","4 out of 5 stars","-"
"418",12,"Jordan Love",GB,"QB43","13","2 out of 5 stars","-19"
"419",12,"Kene Nwangwu",MIN,"RB113","7","3 out of 5 stars","-"
"420",12,"Freddie Swain",SEA,"WR133","9","1 out of 5 stars","-"
"421",12,"Cam Sims",WAS,"WR134","9","3 out of 5 stars","-35"
"422",12,"Ihmir Smith-Marsette",MIN,"WR135","7","3 out of 5 stars","-"
"423",12,"Antonio Gandy-Golden",WAS,"WR136","9","3 out of 5 stars","-47"
"424",12,"Kyle Juszczyk",SF,"RB114","6","3 out of 5 stars","-"
"425",12,"Travis Homer",SEA,"RB115","9","1 out of 5 stars","-"
"426",12,"Isaiah McKenzie",BUF,"WR137","7","3 out of 5 stars","-"
"427",12,"Hunter Long",MIA,"TE59","14","4 out of 5 stars","-"
"428",12,"Devine Ozigbo",JAC,"RB116","7","4 out of 5 stars","-"
"429",12,"Tyler Eifert",FA,"TE60","-","-","-"
"430",13,"Danny Amendola",FA,"WR138","-","-","-"
"431",13,"Golden Tate",FA,"WR139","-","-","-"
"432",13,"Marcus Mariota",LV,"QB44","8","3 out of 5 stars","-57"
"433",13,"Collin Johnson",NYG,"WR140","10","3 out of 5 stars","-"
"434",13,"Kalif Raymond",DET,"WR141","9","1 out of 5 stars","-"
"435",13,"Dez Fitzpatrick",TEN,"WR142","13","3 out of 5 stars","-"
"436",13,"Damiere Byrd",CHI,"WR143","10","3 out of 5 stars","-45"
"437",13,"JaMycal Hasty",SF,"RB117","6","3 out of 5 stars","-"
"438",13,"Larry Fitzgerald",FA,"WR144","-","-","-"
"439",13,"Darwin Thompson",TB,"RB118","9","0 out of 5 stars","-"
"440",13,"Mohamed Sanu",SF,"WR145","6","5 out of 5 stars","-"
"441",13,"Cedrick Wilson",DAL,"WR146","7","1 out of 5 stars","-"
"442",13,"Marquise Goodwin",CHI,"WR147","10","3 out of 5 stars","-71"
"443",13,"Anthony Schwartz",CLE,"WR148","13","1 out of 5 stars","-"
"444",13,"Lil'Jordan Humphrey",NO,"WR149","6","4 out of 5 stars","-"
"445",13,"Bryce Love",FA,"RB119","-","-","-"
"446",13,"Willie Snead IV",LV,"WR150","8","1 out of 5 stars","-"
"447",13,"Cornell Powell",KC,"WR151","12","3 out of 5 stars","-39"
"448",13,"Trayveon Williams",CIN,"RB120","10","3 out of 5 stars","-"
"449",13,"Jace Sternberger",GB,"TE61","13","3 out of 5 stars","-"
"450",13,"Darren Fells",DET,"TE62","9","4 out of 5 stars","-"
"451",13,"Mitchell Trubisky",BUF,"QB45","7","1 out of 5 stars","-"
"452",13,"Jeremy McNichols",TEN,"RB121","13","3 out of 5 stars","-"
"453",13,"Gary Brightwell",NYG,"RB122","10","2 out of 5 stars","-"
"454",13,"Alshon Jeffery",FA,"WR152","-","-","-"
"455",13,"David Moore",LV,"WR153","8","1 out of 5 stars","-121"
"456",13,"D'Ernest Johnson",CLE,"RB123","13","4 out of 5 stars","-"
"457",13,"Brycen Hopkins",LAR,"TE63","11","2 out of 5 stars","-"
"458",13,"Noah Gray",KC,"TE64","12","3 out of 5 stars","-"
"459",13,"Gerrid Doaks",MIA,"RB124","14","4 out of 5 stars","-"
"460",13,"Tucker McCann",TEN,"K42","13","2 out of 5 stars","-87"
"461",13,"Devonta Freeman",FA,"RB125","-","-","-"
"462",13,"Nick Vannett",NO,"TE65","6","4 out of 5 stars","-"
"463",13,"Mekhi Sargent",TEN,"RB126","13","3 out of 5 stars","-"
"464",13,"Tommy Tremble",CAR,"TE66","13","4 out of 5 stars","-"
"465",13,"Pharaoh Brown",HOU,"TE67","10","4 out of 5 stars","-"
"466",13,"Braxton Berrios",NYJ,"WR154","6","4 out of 5 stars","-"
"467",13,"Kahale Warring",BUF,"TE68","7","2 out of 5 stars","-"
"468",13,"Ryan Griffin",NYJ,"TE69","6","3 out of 5 stars","-"
"469",13,"Frank Gore",FA,"RB127","-","-","-"
"470",13,"Trent Sherfield",SF,"WR155","6","5 out of 5 stars","-76"
"471",13,"Chad Beebe",FA,"WR156","-","-","-"
"472",13,"Ty Montgomery",NO,"RB128","6","2 out of 5 stars","-"
"473",13,"Chris Manhertz",JAC,"TE70","7","4 out of 5 stars","-"
"474",13,"J.J. Arcega-Whiteside",PHI,"WR157","14","3 out of 5 stars","-"
"475",13,"Jaylen Samuels",PIT,"RB129","7","5 out of 5 stars","-"
"476",13,"Zay Jones",LV,"WR158","8","1 out of 5 stars","-"
"477",13,"Kelvin Harmon",WAS,"WR159","9","3 out of 5 stars","-"
"478",13,"Frank Darby",ATL,"WR160","6","4 out of 5 stars","-"
"479",13,"Jakeem Grant Sr.",MIA,"WR161","14","3 out of 5 stars","-"
"480",13,"C.J. Ham",MIN,"RB130","7","3 out of 5 stars","-"
"481",13,"Richard Rodgers",FA,"TE71","-","-","-"
"482",13,"Keith Smith",ATL,"RB131","6","2 out of 5 stars","-"
"483",13,"Ameer Abdullah",MIN,"RB132","7","3 out of 5 stars","-132"
"484",13,"Shi Smith",CAR,"WR162","13","5 out of 5 stars","-96"
"485",13,"Tavon Austin",JAC,"WR163","7","5 out of 5 stars","-"
"486",13,"Richie James Jr.",SF,"WR164","6","5 out of 5 stars","-"
"487",13,"Christian Blake",ATL,"WR165","6","4 out of 5 stars","-"
"488",13,"Raymond Calais",LAR,"RB133","11","4 out of 5 stars","-"
"489",13,"Andre Roberts",HOU,"WR166","10","3 out of 5 stars","-"
"490",13,"Ross Dwelley",SF,"TE72","6","4 out of 5 stars","-"
"491",13,"Demetric Felton",CLE,"WR167","13","1 out of 5 stars","-84"
"492",13,"K.J. Osborn",MIN,"WR168","7","3 out of 5 stars","-"
"493",13,"Darrell Daniels",ARI,"TE73","12","2 out of 5 stars","-"
"494",13,"Alec Ingold",LV,"RB134","8","2 out of 5 stars","-"
"495",13,"LeSean McCoy",FA,"RB135","-","-","-"
"496",13,"Kenny Stills",BUF,"WR169","7","3 out of 5 stars","-"
"497",13,"Marcedes Lewis",GB,"TE74","13","3 out of 5 stars","-"
"498",13,"Corey Clement",DAL,"RB136","7","2 out of 5 stars","-"
"499",13,"Patrick Ricard",BAL,"RB137","8","4 out of 5 stars","-"
"500",13,"Equanimeous St. Brown",GB,"WR170","13","1 out of 5 stars","-"
"501",13,"Cameron Batson",TEN,"WR171","13","3 out of 5 stars","-"
"502",13,"Trey Burton",FA,"TE75","-","-","-"
"503",13,"D'Onta Foreman",FA,"RB138","-","-","-166"
"504",13,"Blake Bell",KC,"TE76","12","3 out of 5 stars","-"
"505",13,"Aldrick Rosas",FA,"K43","-","-","-108"
"506",13,"Dazz Newsome",CHI,"WR172","10","3 out of 5 stars","-"
"507",13,"Tre' McKitty",LAC,"TE77","7","3 out of 5 stars","-"
"508",13,"Mike Strachan",IND,"WR173","14","5 out of 5 stars","-115"
"509",13,"Josh Oliver",BAL,"TE78","8","4 out of 5 stars","-"
"510",13,"Durham Smythe",MIA,"TE79","14","4 out of 5 stars","-"
"511",13,"Jaelon Darden",TB,"WR174","9","2 out of 5 stars","-"
"512",13,"Kenny Yeboah",NYJ,"TE80","6","3 out of 5 stars","-"
"513",13,"Jonathan Ward",ARI,"RB139","12","3 out of 5 stars","-"
"514",13,"Kellen Mond",MIN,"QB46","7","3 out of 5 stars","-"
"515",13,"Michael Burton",KC,"RB140","12","4 out of 5 stars","-"
"516",13,"Phillip Walker",CAR,"QB47","13","4 out of 5 stars","-"
"517",13,"Reggie Gilliam",BUF,"RB141","7","3 out of 5 stars","-"
"518",14,"Dwayne Haskins",PIT,"QB48","7","4 out of 5 stars","-"
"519",14,"Trenton Cannon",FA,"RB142","-","-","-"
"520",14,"Isaiah Coulter",CHI,"WR175","10","3 out of 5 stars","-"
"521",14,"Nick Foles",CHI,"QB49","10","2 out of 5 stars","-"
"522",14,"Jakob Johnson",NE,"RB143","14","3 out of 5 stars","-"
"523",14,"Adam Shaheen",MIA,"TE81","14","4 out of 5 stars","-"
"524",14,"Phillip Dorsett II",JAC,"WR176","7","5 out of 5 stars","-"
"525",14,"Tommy Sweeney",BUF,"TE82","7","2 out of 5 stars","-"
"526",14,"Johnny Mundt",LAR,"TE83","11","2 out of 5 stars","-"
"527",14,"Otis Anderson Jr.",LAR,"RB144","11","4 out of 5 stars","-"
"528",14,"Tim Tebow",JAC,"TE84","7","4 out of 5 stars","-280"
"529",14,"Tre Harbison",CLE,"RB145","13","4 out of 5 stars","-"
"530",14,"Luke Farrell",JAC,"TE85","7","4 out of 5 stars","-"
"531",14,"Dedrick Mills",FA,"RB146","-","-","-"
"532",14,"Gunner Olszewski",NE,"WR177","14","4 out of 5 stars","-"
"533",14,"Pooka Williams Jr.",CIN,"RB147","10","3 out of 5 stars","-241"
"534",14,"Hunter Bryant",DET,"TE86","9","4 out of 5 stars","-"
"535",14,"Simi Fehoko",DAL,"WR178","7","1 out of 5 stars","-"
"536",14,"KhaDarel Hodge",DET,"WR179","9","1 out of 5 stars","-"
"537",14,"Jamal Agnew",JAC,"WR180","7","5 out of 5 stars","-"
"538",14,"Chester Rogers",TEN,"WR181","13","3 out of 5 stars","-"
"539",14,"Jacoby Brissett",MIA,"QB50","14","4 out of 5 stars","-"
"540",14,"K.J. Hill Jr.",LAC,"WR182","7","3 out of 5 stars","-"
"541",14,"Jake Kumerow",BUF,"WR183","7","3 out of 5 stars","-"
"542",14,"Cade Johnson",SEA,"WR184","9","1 out of 5 stars","-"
"543",14,"Andrew Jacas",SF,"K44","6","4 out of 5 stars","-"
"544",14,"Ray-Ray McCloud",PIT,"WR185","7","2 out of 5 stars","-"
"545",14,"Jauan Jennings",SF,"WR186","6","5 out of 5 stars","-"
"546",14,"Antonio Callaway",FA,"WR187","-","-","-"
"547",14,"Dante Pettis",NYG,"WR188","10","3 out of 5 stars","-"
"548",14,"Adam Prentice",NO,"RB148","6","2 out of 5 stars","-"
"549",14,"Nate McCrary",DEN,"RB149","11","5 out of 5 stars","-"
"550",14,"Ryan Izzo",NYG,"TE87","10","3 out of 5 stars","-"
"551",14,"Bo Scarbrough",LV,"RB150","8","2 out of 5 stars","-"
"552",14,"Alex Armah Jr.",NO,"RB151","6","2 out of 5 stars","-"
"553",14,"Elijhaa Penny",NYG,"RB152","10","2 out of 5 stars","-"
"554",14,"Tom Kennedy",DET,"WR189","9","1 out of 5 stars","-"
"555",14,"Thaddeus Moss",CIN,"TE88","10","2 out of 5 stars","-"
"556",14,"Ben Skowronek",LAR,"WR190","11","5 out of 5 stars","-"
"557",14,"Sage Surratt",DET,"WR191","9","1 out of 5 stars","-"
"558",14,"Kevin White",NO,"WR192","6","4 out of 5 stars","-"
"559",14,"Malcolm Perry",NE,"WR193","14","4 out of 5 stars","-"
"560",14,"Trinity Benson",DET,"WR194","9","1 out of 5 stars","-"
"561",14,"Charlie Woerner",SF,"TE89","6","4 out of 5 stars","-"
"562",14,"John Hightower",PHI,"WR195","14","3 out of 5 stars","-"
"563",14,"Marquez Stevenson",BUF,"WR196","7","3 out of 5 stars","-"
"564",14,"Sam Ehlinger",IND,"QB51","14","4 out of 5 stars","-"
"565",14,"Devin Funchess",FA,"WR197","-","-","-210"
"566",14,"Chris Hogan",FA,"WR198","-","-","-"
"567",14,"Brandon Bolden",NE,"RB153","14","3 out of 5 stars","-"
"568",14,"Khari Blasingame",TEN,"RB154","13","3 out of 5 stars","-"
"569",14,"Marlon Williams",FA,"WR199","-","-","-"
"570",14,"Geronimo Allison",FA,"WR200","-","-","-"
"571",14,"Ricky Seals-Jones",WAS,"TE90","9","3 out of 5 stars","-"
"572",14,"Tajae Sharpe",ATL,"WR201","6","4 out of 5 stars","-"
"573",14,"Lamar Miller",WAS,"RB155","9","3 out of 5 stars","-"
"574",14,"Noah Brown",DAL,"WR202","7","1 out of 5 stars","-"
"575",14,"John Bates",WAS,"TE91","9","3 out of 5 stars","-"
"576",14,"James Proche",BAL,"WR203","8","2 out of 5 stars","-"
"577",14,"Brandon Zylstra",CAR,"WR204","13","5 out of 5 stars","-"
"578",14,"Seth Williams",DEN,"WR205","11","4 out of 5 stars","-"
"579",14,"Mike Thomas",CIN,"WR206","10","2 out of 5 stars","-"
"580",14,"Lee Smith",ATL,"TE92","6","2 out of 5 stars","-"
"581",14,"Jared Pinkney",DET,"TE93","9","4 out of 5 stars","-"
"582",14,"Theo Riddick",LV,"RB156","8","2 out of 5 stars","-"
"583",14,"Derek Carrier",LV,"TE94","8","4 out of 5 stars","-"
"584",14,"Zach Gentry",PIT,"TE95","7","5 out of 5 stars","-"
"585",14,"Trevon Wesco",NYJ,"TE96","6","3 out of 5 stars","-"
"586",14,"Stephen Anderson",LAC,"TE97","7","3 out of 5 stars","-220"
"587",14,"Patrick Laird",MIA,"RB157","14","4 out of 5 stars","-"
"588",14,"Daniel Brown",NYJ,"TE98","6","3 out of 5 stars","-"
"589",14,"Eric Saubert",DEN,"TE99","11","4 out of 5 stars","-"
"590",14,"Ashton Dulin",IND,"WR207","14","5 out of 5 stars","-"
"591",14,"D.J. Montgomery",NYJ,"WR208","6","4 out of 5 stars","-"
"592",14,"Cethan Carter",MIA,"TE100","14","4 out of 5 stars","-"
"593",14,"Nick Bowers",LV,"TE101","8","4 out of 5 stars","-"
"594",14,"Devin Asiasi",NE,"TE102","14","5 out of 5 stars","-"
"595",14,"Mason Rudolph",PIT,"QB52","7","4 out of 5 stars","-"
"596",14,"DaeSean Hamilton",DEN,"WR209","11","4 out of 5 stars","-"
"597",14,"Jeremy Sprinkle",DAL,"TE103","7","2 out of 5 stars","-"
"598",14,"Javon Wims",FA,"WR210","-","-","-"
"599",14,"Garrett Griffin",NO,"TE104","6","4 out of 5 stars","-"
"600",14,"Daurice Fountain",KC,"WR211","12","3 out of 5 stars","-"
"601",14,"Malik Taylor",GB,"WR212","13","1 out of 5 stars","-"
"602",14,"Jaeden Graham",ATL,"TE105","6","2 out of 5 stars","-"
"603",14,"KeeSean Johnson",PHI,"WR213","14","3 out of 5 stars","-"
"604",14,"J.P. Holtz",CHI,"TE106","10","1 out of 5 stars","-"
"605",14,"Kaden Smith",NYG,"TE107","10","3 out of 5 stars","-"
"606",14,"Diontae Spencer",DEN,"WR214","11","4 out of 5 stars","-"
"607",14,"Josh Adams",NYJ,"RB158","6","4 out of 5 stars","-"
"608",14,"Duke Williams",BUF,"WR215","7","3 out of 5 stars","-"
"609",14,"Nick Westbrook-Ikhine",TEN,"WR216","13","3 out of 5 stars","-"
"610",15,"Victor Bolden Jr.",DET,"WR217","9","1 out of 5 stars","-"
"611",15,"Chad Henne",KC,"QB53","12","4 out of 5 stars","-"
"612",15,"Rodney Adams",CHI,"WR218","10","3 out of 5 stars","-207"
"613",15,"Alex Erickson",FA,"WR219","-","-","-"
"614",15,"Charlie Taumoepeau",DET,"TE108","9","4 out of 5 stars","-"
"615",15,"Joe Reed",LAC,"WR220","7","3 out of 5 stars","-"
"616",15,"Brandon Dillon",MIN,"TE109","7","2 out of 5 stars","-"
"617",15,"Tyler Huntley",BAL,"QB54","8","2 out of 5 stars","-"
"618",15,"Dominique Dafney",GB,"TE110","13","3 out of 5 stars","-"
"619",15,"Mitchell Wilcox",CIN,"TE111","10","2 out of 5 stars","-"
"620",15,"Mason Schreck",CIN,"TE112","10","2 out of 5 stars","-"
"621",15,"Marcus Kemp",KC,"WR221","12","3 out of 5 stars","-"
"622",15,"Dalton Keene",NE,"TE113","14","5 out of 5 stars","-"
"623",15,"Justin Watson",TB,"WR222","9","2 out of 5 stars","-"
"624",15,"Colin Thompson",CAR,"TE114","13","4 out of 5 stars","-"
"625",15,"Giovanni Ricci",CAR,"TE115","13","4 out of 5 stars","-"
"626",15,"DeAndre Carter",WAS,"WR223","9","3 out of 5 stars","-"
"627",15,"Farrod Green",IND,"TE116","14","4 out of 5 stars","-"
"628",15,"Chris Moore",FA,"WR224","-","-","-"
"629",15,"Trishton Jackson",MIN,"WR225","7","3 out of 5 stars","-"
"630",15,"Sammis Reyes",WAS,"TE117","9","3 out of 5 stars","-"
"631",15,"Dan Chisena",MIN,"WR226","7","3 out of 5 stars","-"
"632",15,"Kendall Hinton",DEN,"WR227","11","4 out of 5 stars","-"
"633",15,"Colby Parkinson",SEA,"TE118","9","1 out of 5 stars","-"
"634",15,"Riley Ridley",FA,"WR228","-","-","-"
"635",15,"Nsimba Webster",CHI,"WR229","10","3 out of 5 stars","-"
"636",15,"Jack Stoll",PHI,"TE119","14","3 out of 5 stars","-"
"637",15,"Jesper Horsted",CHI,"TE120","10","1 out of 5 stars","-231"
"638",15,"Dax Milne",WAS,"WR230","9","3 out of 5 stars","-"
"639",16,"Sean McKeon",DAL,"TE121","7","2 out of 5 stars","-356"
"640",16,"Trent Taylor",CIN,"WR231","10","2 out of 5 stars","-"
"641",16,"Dezmon Patmon",IND,"WR232","14","5 out of 5 stars","-238"
"642",16,"T.J. Vasher",DAL,"WR233","7","1 out of 5 stars","-"
"643",16,"Penny Hart",SEA,"WR234","9","1 out of 5 stars","-"
"644",16,"Stephen Guidry",DAL,"WR235","7","1 out of 5 stars","-"
"645",16,"Racey McMath",TEN,"WR236","13","3 out of 5 stars","-"
"646",16,"Marcus Johnson",TEN,"WR237","13","3 out of 5 stars","-"
"647",16,"Stanley Morgan Jr.",CIN,"WR238","10","2 out of 5 stars","-"
"648",16,"Antoine Wesley",ARI,"WR239","12","2 out of 5 stars","-"
"649",16,"Jeff Smith",NYJ,"WR240","6","4 out of 5 stars","-"